Cluster ID,Plot ID,Tree ID,Species,DBH (cm),Unusual,Dead
1,1,1,51,20.0,0,0
1,1,3,8,16.1,0,0
1,1,4,13,16.6,1,0
1,1,5,8,24.4,0,0
1,1,6,51,14.7,0,0
1,1,7,51,13.0,0,0
1,1,8,51,16.6,0,0
1,1,9,32,20.0,0,0
1,1,10,51,10.1,0,0
1,1,2a,51,21.7,0,0
1,1,2b,51,15.0,0,0
1,1,2c,51,12.0,0,0
1,2,1,51,27.5,0,0
1,2,2,51,34.3,0,0
1,3,1,51,11.3,0,0
1,3,2,51,14.2,0,0
1,3,3,20,12.1,0,0
1,3,4,49,10.2,0,0
1,3,5,51,18.3,0,0
1,3,6,51,18.0,0,0
1,3,7,51,11.6,0,0
1,3,8,38,10.0,0,0
1,3,9,49,27.3,0,0
1,4,1,51,35.6,0,0
1,4,2,51,39.2,0,0
1,5,1,51,26.3,0,0
1,5,2,51,37.5,0,0
1,5,3,51,30.7,0,0
1,6,1,51,26.7,0,0
1,6,2,51,41.6,0,0
1,6,3,51,32.2,0,0
1,6,4,13,28.3,0,0
1,7,2,51,35.1,0,0
1,7,3,51,31.6,0,0
1,7,1a,51,32.8,0,0
1,7,1b,51,29.6,0,0
1,8,2,13,22.8,0,0
1,8,3,51,14.5,0,0
1,8,4,51,20.7,0,0
1,8,5,51,17.5,0,0
1,8,6,32,24.0,0,0
1,8,7,51,20.0,0,0
1,8,8,51,14.6,0,0
1,8,9,51,22.3,0,0
1,8,10,51,28.5,0,0
1,8,11,51,15.6,0,0
1,8,12,51,11.0,0,0
1,8,13,51,10.1,0,0
1,8,14,51,15.1,0,0
1,8,15,51,27.6,0,0
1,8,16,44,39.6,0,0
1,8,17,51,21.0,0,0
1,8,18,51,17.0,0,0
1,8,1a,13,31.9,0,0
1,8,1b,13,27.0,0,0
1,9,1,51,27.6,0,0
1,10,1,51,32.0,0,0
1,10,2,51,25.2,0,0
2,1,1,15,14.0,0,0
2,1,2,33,26.3,0,0
2,1,5,8,11.3,0,0
2,1,6,15,12.2,0,0
2,1,7,8,20.1,0,0
2,1,8,56,12.5,0,0
2,1,9,8,14.7,0,0
2,1,10,57,16.2,0,0
2,1,11,8,12.6,0,0
2,1,12,15,15.4,0,0
2,1,3a,15,14.4,0,0
2,1,3b,15,10.5,0,0
2,1,4a,15,12.0,0,0
2,1,4b,15,11.3,0,0
2,2,1,15,10.4,0,0
2,2,2,15,10.1,0,0
2,2,3,33,33.7,0,0
2,3,1,39,36.1,0,0
2,3,2,8,17.0,0,0
2,3,3,8,10.0,0,0
2,3,4,44,27.0,0,0
2,3,5,22,13.7,0,0
2,3,6,57,10.7,0,0
2,3,7,3,11.1,0,0
2,3,8,57,10.6,0,0
2,3,10,13,20.0,0,0
2,3,11,15,10.1,0,0
2,3,12,15,11.7,0,0
2,3,13,8,10.0,0,0
2,3,14,8,21.1,0,0
2,3,9a,15,17.0,0,0
2,3,9b,15,14.2,0,0
2,4,1,8,13.5,0,0
2,4,2,51,22.4,0,0
2,4,3,57,15.3,0,0
2,4,4,8,14.0,0,0
2,4,5,8,20.1,0,0
2,4,6,8,24.2,0,0
2,4,7,57,14.5,0,0
2,4,8,8,16.4,0,0
2,4,10,8,15.6,0,0
2,4,11,8,10.0,0,0
2,4,12,8,18.4,0,0
2,4,13,15,15.7,0,0
2,4,14,16,12.0,0,0
2,4,15,56,15.2,0,0
2,4,16,8,10.7,0,0
2,4,17,51,26.1,0,0
2,4,18,32,16.3,0,0
2,4,19,56,12.5,0,0
2,4,20,15,13.4,0,0
2,4,21,32,23.2,0,0
2,4,22,8,18.1,0,0
2,4,23,8,24.0,0,0
2,4,24,8,13.0,0,0
2,4,25,22,13.2,0,0
2,4,9a,8,20.0,0,0
2,4,9b,8,10.2,0,0
2,5,1,8,11.5,0,0
2,5,2,8,14.2,0,0
2,5,3,8,13.5,0,0
2,5,4,8,12.6,0,0
2,5,5,45,11.6,0,0
2,5,6,8,11.8,0,0
2,5,7,8,13.5,0,0
2,5,8,33,30.4,0,0
2,5,9,8,12.2,0,0
2,5,10,8,14.3,0,0
2,5,11,8,19.8,0,0
2,5,12,8,12.2,0,0
2,5,13,8,13.6,0,0
2,5,14,8,18.6,0,0
2,5,15,16,14.0,0,0
2,5,16,8,14.5,0,0
2,5,17,8,11.0,1,0
2,5,18,8,16.5,0,0
2,5,19,8,11.6,0,0
2,5,20,8,10.0,0,0
2,5,21,8,10.0,0,0
2,5,22,32,20.0,0,0
2,5,23,8,10.3,0,0
2,5,24,8,18.8,0,0
2,5,25,57,14.4,0,0
2,6,1,8,19.6,0,0
2,6,2,8,21.0,0,0
2,6,3,8,11.7,0,0
2,6,4,24,11.2,0,0
2,6,5,24,11.6,0,0
2,6,6,8,16.5,0,0
2,6,7,8,16.0,0,0
2,6,8,8,21.8,0,0
2,6,9,8,15.0,0,0
2,6,10,8,12.8,0,0
2,6,11,8,22.5,0,0
2,6,12,8,10.0,0,0
2,6,13,8,20.4,0,0
2,6,14,8,34.2,0,0
2,6,15,8,10.8,0,0
2,6,16,8,13.7,0,0
2,6,17,15,12.4,0,0
2,6,18,8,11.6,0,0
2,6,19,8,11.8,0,0
2,6,20,8,14.8,0,0
2,6,21,8,12.7,0,0
2,6,22,8,12.2,0,0
2,6,23,8,15.5,0,0
2,6,24,8,33.6,0,0
2,6,25a,8,42.8,0,0
2,6,25b,8,25.9,0,0
2,7,1,41,27.2,0,0
2,7,2,8,12.5,0,0
2,7,3,57,12.6,0,0
2,7,4,41,26.2,0,0
2,7,5,8,30.7,0,0
2,7,6,15,12.6,0,0
2,8,1,57,14.5,0,0
2,8,2,57,14.1,0,0
2,8,3,13,19.0,0,0
2,8,4,57,10.5,0,0
2,8,5,57,10.2,0,0
2,8,6,8,11.7,0,0
2,8,8,57,11.2,0,0
2,8,9,46,10.6,0,0
2,8,10,8,16.6,0,0
2,8,11,8,17.2,0,0
2,8,12,8,16.6,0,0
2,8,13,56,32.0,1,0
2,8,14,8,10.6,0,0
2,8,16,13,26.1,0,0
2,8,17,57,14.5,0,0
2,8,18,8,11.3,0,0
2,8,19,8,11.4,0,0
2,8,20,39,31.1,1,0
2,8,15a,13,22.5,1,0
2,8,15b,13,24.0,1,0
2,8,7a,8,14.3,0,0
2,8,7b,8,10.9,0,0
2,9,2,8,12.0,0,0
2,9,3,22,10.9,0,0
2,9,4,62,49.9,1,0
2,9,5,51,19.1,0,0
2,9,6,8,18.4,0,0
2,9,7,8,13.9,0,0
2,9,8,1,12.5,0,0
2,9,9,57,16.5,0,0
2,9,10,57,13.6,0,0
2,9,11,8,10.0,0,0
2,9,12,15,12.7,0,0
2,9,13,15,15.5,0,0
2,9,14,57,14.3,0,0
2,9,15,62,33.1,0,0
2,9,16,57,17.9,0,0
2,9,18,57,11.9,0,0
2,9,19,8,40.4,0,0
2,9,20,8,10.1,0,0
2,9,21,8,11.1,0,0
2,9,22,8,32.7,1,0
2,9,17a,8,18.2,0,0
2,9,17b,8,12.5,0,0
2,9,1a,15,16.3,0,0
2,9,1b,15,12.6,0,0
2,10,1,15,19.0,0,0
2,10,2,8,12.5,0,0
2,10,3,8,17.9,0,0
2,10,4,57,12.8,0,0
2,10,5,57,10.7,0,0
2,10,6,1,10.4,0,0
2,10,7,57,11.7,0,0
2,10,8,51,18.2,0,0
2,10,9,57,12.1,0,0
2,10,11,57,15.9,0,0
2,10,12,57,10.5,0,0
2,10,13,22,10.6,0,0
2,10,14,57,13.1,0,0
2,10,15,14,17.8,0,0
2,10,16,8,15.8,0,0
2,10,17,8,18.3,0,0
2,10,18,8,16.4,0,0
2,10,19,57,11.6,0,0
2,10,20,8,12.2,0,0
2,10,21,44,16.8,0,0
2,10,22,22,10.7,0,0
2,10,23,22,12.0,0,0
2,10,24,57,14.0,0,0
2,10,10a,15,24.2,0,0
2,10,10b,15,13.8,0,0
3,1,1,8,18.0,0,0
3,1,2,41,43.0,0,0
3,1,3,8,11.5,0,0
3,1,4,8,13.0,0,0
3,1,5,8,13.5,0,0
3,1,6,8,22.5,0,0
3,1,7,8,23.4,0,0
3,1,8,8,16.2,0,0
3,1,11,8,12.3,0,0
3,1,13,8,16.4,0,0
3,1,14,8,10.3,0,0
3,1,15,32,28.3,0,0
3,1,16,8,11.4,0,0
3,1,18,8,20.1,0,0
3,1,19,32,10.4,0,0
3,1,20,33,19.6,0,0
3,1,22,49,22.5,0,0
3,1,23,49,17.0,0,0
3,1,24,39,11.0,0,0
3,1,25,8,24.0,0,0
3,1,26,49,25.7,0,0
3,1,27,49,14.4,0,0
3,1,28,49,14.3,0,0
3,1,29,8,16.5,0,0
3,1,30,33,11.9,0,0
3,1,31,49,10.3,0,0
3,1,32,13,19.7,0,0
3,1,10a,8,22.0,0,0
3,1,10b,8,20.2,0,0
3,1,12a,8,16.6,0,0
3,1,12b,8,19.1,0,0
3,1,17a,8,26.6,0,0
3,1,17b,8,17.9,0,0
3,1,21a,8,32.4,0,0
3,1,21b,8,23.4,0,0
3,1,9a,8,27.0,0,0
3,1,9b,8,15.8,0,0
3,2,1,38,10.2,0,0
3,2,2,48,10.7,0,0
3,2,3,48,14.7,0,0
3,2,4,48,10.4,0,0
3,2,5,51,12.1,0,0
3,2,6,48,11.6,0,0
3,3,1,8,16.8,0,0
3,3,2,51,33.1,0,0
3,3,3,8,12.2,0,0
3,3,4,8,11.4,0,0
3,3,6,51,26.6,0,0
3,3,7,8,18.1,0,0
3,3,8,8,14.5,0,0
3,3,9,8,17.1,0,0
3,3,10,8,10.9,0,0
3,3,11,9,22.6,0,0
3,3,12,8,26.4,0,0
3,3,13,9,15.8,0,0
3,3,14,9,17.8,0,0
3,3,15,63,10.6,0,0
3,3,16,51,24.8,0,0
3,3,17,44,15.5,0,0
3,3,18,51,12.5,0,0
3,3,19,51,11.0,0,0
3,3,20,8,25.1,0,0
3,3,21,32,14.1,0,0
3,3,5a,8,21.1,0,0
3,3,5b,8,18.6,0,0
3,4,2,33,14.6,0,0
3,4,4,32,21.2,0,0
3,4,5,9,18.2,0,0
3,4,6,9,30.0,0,0
3,4,7,9,11.2,0,0
3,4,8,9,10.8,0,0
3,4,9,9,13.8,0,0
3,4,10,8,21.6,0,0
3,4,11,32,16.0,0,0
3,4,12,45,26.4,0,0
3,4,13,45,28.1,0,0
3,4,14,45,29.3,0,0
3,4,15,51,10.3,0,0
3,4,16,33,10.1,0,0
3,4,17,32,18.8,0,0
3,4,18a,32,20.3,0,0
3,4,18b,32,19.5,0,0
3,4,1a,33,11.1,0,0
3,4,1b,33,18.2,0,0
3,4,3a,22,12.8,0,0
3,4,3b,22,15.0,0,0
3,5,1,9,18.4,0,0
3,5,2,51,36.8,0,0
3,5,3,64,12.4,0,0
3,5,4,51,40.0,0,0
3,5,5,9,15.2,0,0
3,5,6,9,14.6,0,0
3,5,7,9,20.5,0,0
3,5,8,9,18.9,0,0
3,5,10,16,10.1,0,0
3,5,11,32,16.0,0,0
3,5,12,64,17.9,0,0
3,5,13,22,11.5,0,0
3,5,14,64,11.2,0,0
3,5,15,32,11.9,0,0
3,5,16,48,14.0,0,0
3,5,17,48,15.2,0,0
3,5,18,48,11.0,0,0
3,5,19,48,11.8,0,1
3,5,20,48,11.4,0,0
3,5,21,32,11.3,0,0
3,5,22,48,11.9,0,0
3,5,23,64,10.6,0,0
3,5,24,38,11.3,0,0
3,5,25,33,17.0,0,0
3,5,26,33,10.0,0,0
3,5,27,64,12.7,0,0
3,5,28,64,15.1,0,0
3,5,29,20,13.3,0,0
3,5,30,9,13.0,0,0
3,5,31,33,12.9,0,0
3,5,32,64,12.2,0,0
3,5,33a,33,16.6,0,0
3,5,33b,33,21.8,0,0
3,5,9a,9,15.4,0,0
3,5,9b,9,21.6,0,0
3,6,2,1,15.0,0,0
3,6,3,57,13.2,0,0
3,6,4,8,13.6,0,0
3,6,6,9,10.0,0,0
3,6,7,57,16.2,0,0
3,6,8,57,13.7,0,0
3,6,9,24,12.8,0,0
3,6,10,24,11.5,0,0
3,6,11,25,10.3,0,0
3,6,12,22,10.0,0,0
3,6,1a,14,11.8,0,0
3,6,1b,14,10.5,0,0
3,6,5a,8,16.1,0,0
3,6,5b,8,17.4,0,0
3,6,5c,8,11.3,0,0
3,6,5d,8,12.1,0,0
3,7,1,51,19.6,0,0
3,7,2,32,31.6,0,0
3,7,3,1,12.3,0,0
3,7,4,51,16.9,0,0
3,7,5,51,15.4,0,0
3,7,6,57,11.2,0,0
3,7,7,39,13.1,0,0
3,7,8,32,19.0,0,0
3,7,9,51,19.3,0,0
3,7,11,51,12.8,0,0
3,7,13,1,12.3,0,0
3,7,10a,32,25.8,0,0
3,7,10b,32,15.7,0,0
3,7,12a,8,23.5,0,0
3,7,12b,8,25.9,0,0
3,7,12c,8,17.5,0,0
3,7,14a,8,22.0,0,0
3,7,14b,8,15.4,0,0
3,7,14c,8,13.0,0,0
3,8,1,48,11.9,0,0
3,8,2,51,11.6,0,0
3,8,3,51,13.4,0,0
3,8,4,1,14.9,0,0
3,8,5,51,11.1,0,0
3,8,6,51,10.1,0,0
3,8,7,33,11.6,0,0
3,8,8,51,10.1,0,0
3,8,9,51,10.5,0,0
3,8,10,51,13.0,0,0
3,8,11,1,13.3,0,0
3,8,12,33,10.1,0,0
3,8,13,51,11.8,0,0
3,8,14,51,14.1,0,0
3,8,15,51,12.7,0,0
3,8,16,51,30.8,0,0
3,8,17,8,15.0,0,0
3,8,18,9,10.3,0,0
3,8,19,24,12.5,0,0
3,8,20,1,13.4,0,0
3,8,22,32,13.1,0,0
3,8,23,1,11.7,0,0
3,8,24,32,16.9,1,0
3,8,25,22,10.7,0,0
3,8,26,51,10.8,0,0
3,8,27,51,12.0,0,0
3,8,28,51,10.5,0,0
3,8,29,32,14.5,0,0
3,8,30,51,20.2,1,0
3,8,31,32,15.4,0,0
3,8,32,32,18.3,0,0
3,8,33,49,11.8,0,1
3,8,34,51,10.7,0,0
3,8,35,51,11.0,0,0
3,8,36,48,10.0,0,0
3,8,37,32,15.1,1,0
3,8,21a,1,10.8,0,0
3,8,21b,1,10.1,0,0
3,9,1,61,14.0,0,0
3,9,2,33,10.0,0,0
3,9,3,51,28.9,0,0
3,9,4,22,11.2,0,0
3,9,5,61,15.5,0,0
3,9,6,61,12.0,0,0
3,9,7,22,10.7,0,0
3,9,8,61,13.8,0,0
3,9,9,61,10.1,0,0
3,9,10,56,16.9,0,0
3,9,11,13,26.7,0,0
3,9,12,32,16.1,0,0
3,9,13,49,11.9,0,0
3,9,14,49,22.2,0,0
3,9,15,51,10.0,0,0
3,9,16,51,14.7,0,0
3,9,17,51,17.6,0,0
3,9,18,49,22.8,0,0
3,9,19,48,19.1,0,0
3,9,20,32,11.9,0,0
3,9,21,48,12.6,0,0
3,9,22,51,16.1,0,0
3,9,23,51,12.1,0,0
3,9,25,41,31.2,0,0
3,9,26,48,12.2,0,1
3,9,27,51,14.2,0,0
3,9,28,49,16.3,0,0
3,9,29,48,18.0,0,0
3,9,30,48,11.1,0,0
3,9,31,22,13.2,0,0
3,9,32,48,11.1,0,0
3,9,33,51,12.8,0,0
3,9,34,51,11.9,0,0
3,9,35,48,15.0,0,0
3,9,36,53,13.0,0,0
3,9,37,49,14.7,0,0
3,9,38,48,12.4,0,0
3,9,39,33,10.1,0,0
3,9,40,38,14.0,0,0
3,9,41,49,11.9,0,0
3,9,43,33,10.9,0,0
3,9,24a,24,17.1,0,0
3,9,24b,24,43.6,0,0
3,9,42a,13,20.2,0,0
3,9,42b,13,29.7,0,0
3,10,1,24,23.8,0,0
3,10,2,8,32.8,0,0
3,10,3,8,24.8,0,0
3,10,4,38,12.2,0,0
3,10,5,38,11.3,0,0
3,10,7,8,20.2,0,0
3,10,8,32,19.2,0,0
3,10,9,51,30.5,0,0
3,10,11,32,31.2,0,0
3,10,13,20,14.8,0,0
3,10,15,8,19.7,0,0
3,10,16,38,13.7,0,0
3,10,18,41,39.2,0,0
3,10,20,8,13.7,0,0
3,10,21,8,12.3,0,0
3,10,22,51,33.6,0,0
3,10,23,8,21.8,0,0
3,10,24,8,21.6,0,0
3,10,25,8,10.7,0,0
3,10,26,57,14.3,0,0
3,10,27,57,10.0,0,0
3,10,28,8,17.5,0,0
3,10,29,8,12.8,0,0
3,10,30,8,10.0,0,0
3,10,31,8,16.0,0,0
3,10,32,44,39.5,0,0
3,10,33,32,25.8,0,0
3,10,34,8,18.2,0,0
3,10,35,33,16.8,0,0
3,10,36,8,14.6,0,0
3,10,10a,8,12.4,0,0
3,10,10b,8,11.4,0,0
3,10,12a,57,13.6,0,0
3,10,12b,57,11.7,0,0
3,10,14a,8,21.9,0,0
3,10,14b,8,14.3,0,0
3,10,17a,8,10.8,0,0
3,10,17b,8,17.9,0,0
3,10,19a,8,21.6,0,0
3,10,19b,8,12.7,0,0
3,10,6a,8,22.2,0,0
3,10,6b,8,16.0,0,0
4,1,1,8,24.9,0,0
4,1,2,9,14.2,0,0
4,1,3,66,31.9,0,0
4,1,4,8,14.7,0,0
4,1,5,39,19.9,0,0
4,1,6,32,24.7,0,0
4,1,7,32,18.4,0,0
4,1,8,8,22.1,0,0
4,1,10,15,11.0,0,0
4,1,11,39,13.3,0,0
4,1,12,8,10.0,0,0
4,1,13,46,13.1,0,0
4,1,14,32,21.0,0,0
4,1,15,15,10.8,0,0
4,1,16,32,25.1,0,0
4,1,17,8,26.5,0,0
4,1,18,51,10.5,0,0
4,1,9a,8,12.0,0,0
4,1,9b,8,13.9,0,0
4,2,1,36,15.0,0,0
4,2,2a,51,22.4,0,0
4,2,2b,51,16.7,0,0
4,3,1,41,24.0,0,0
4,3,2,25,10.1,0,0
4,3,3,48,39.6,0,0
4,4,1,41,18.2,0,0
4,5,1,36,30.5,0,0
4,5,2,22,17.6,1,0
4,5,3,41,44.5,0,1
4,5,4,9,16.9,0,0
4,5,5,14,11.5,0,0
4,5,6,9,11.7,0,0
4,5,7,8,16.6,0,0
4,5,8,15,10.5,0,0
4,5,9,15,15.4,0,0
4,5,10,57,19.1,0,0
4,5,11,15,21.4,1,0
4,5,12,57,10.2,0,0
4,5,14,8,22.0,0,0
4,5,16,20,13.6,0,0
4,5,17,22,19.6,1,0
4,5,18,13,24.2,0,0
4,5,13a,8,23.1,1,0
4,5,13b,8,12.5,0,0
4,5,15a,16,16.0,0,0
4,5,15b,16,12.1,0,0
4,6,1,51,38.9,0,0
4,8,1,51,26.0,0,0
4,8,2,51,34.5,0,0
4,9,2,57,17.2,0,0
4,9,3,8,19.6,0,0
4,9,4,8,15.6,0,0
4,9,5,8,21.9,0,0
4,9,6,8,12.7,0,0
4,9,7,15,16.6,0,0
4,9,8,56,17.3,0,0
4,9,9,15,12.8,0,0
4,9,10,51,13.8,0,0
4,9,11,15,11.6,0,0
4,9,12,16,14.6,0,0
4,9,13,51,14.4,0,0
4,9,14,8,30.3,0,0
4,9,1a,8,23.2,0,0
4,9,1b,8,12.1,0,0
4,10,2,8,13.5,0,0
4,10,3,8,12.1,0,0
4,10,4,8,11.0,0,0
4,10,5,8,13.0,0,0
4,10,6,13,61.5,0,0
4,10,7,8,14.2,0,0
4,10,8,8,15.2,0,0
4,10,9,51,11.1,0,0
4,10,10,8,12.5,1,0
4,10,11,8,14.5,1,0
4,10,12,8,23.1,0,0
4,10,13,51,35.2,0,0
4,10,14,8,15.6,0,0
4,10,15,8,25.0,0,0
4,10,16,41,33.0,0,0
4,10,17,15,13.5,0,0
4,10,18,8,18.5,0,0
4,10,19,8,13.6,0,0
4,10,20,8,17.2,0,0
4,10,21,8,21.6,0,0
4,10,22,51,28.1,0,0
4,10,23,51,22.1,0,0
4,10,24,8,20.5,0,0
4,10,25,51,16.7,0,0
4,10,26,8,17.6,0,0
4,10,27,8,15.7,0,0
4,10,28,8,27.2,0,0
4,10,29,51,22.6,0,0
4,10,30,41,21.0,0,0
4,10,31,8,23.1,0,0
4,10,32,8,19.9,0,0
4,10,33,51,10.0,0,0
4,10,34,8,17.2,0,0
4,10,35,8,10.3,0,0
4,10,1a,51,25.5,0,0
4,10,1b,51,26.8,0,0
5,1,2,36,10.5,0,0
5,1,3,38,12.6,0,0
5,1,4,38,13.6,0,0
5,1,5,51,12.1,0,0
5,1,7,48,13.1,0,0
5,1,8,56,13.6,0,0
5,1,9,39,16.4,0,0
5,1,10,50,19.2,0,0
5,1,11a,13,14.6,0,0
5,1,11b,13,11.1,0,0
5,1,1a,51,11.4,0,0
5,1,1b,51,11.7,0,0
5,1,6a,8,15.9,0,0
5,1,6b,8,13.0,0,0
5,2,1,56,18.6,0,0
5,2,2,57,10.6,0,0
5,2,3,57,17.4,0,0
5,2,4,51,15.3,0,0
5,2,5,3,10.2,0,0
5,2,6,32,29.1,0,0
5,2,7,9,14.6,0,0
5,2,8,47,11.6,0,0
5,2,9,57,14.7,0,0
5,2,10,57,14.1,0,0
5,2,11,57,15.2,0,0
5,2,12,32,33.4,0,0
5,2,13,58,12.3,0,0
5,2,14,39,20.2,0,0
5,2,15,57,14.1,0,0
5,2,16,25,11.0,0,0
5,2,17,44,23.0,0,0
5,3,2,51,13.0,0,0
5,3,4,51,13.0,0,0
5,3,5,39,28.8,0,0
5,3,6,32,19.9,0,0
5,3,1a,51,16.3,0,0
5,3,1b,51,16.0,0,0
5,3,3a,8,22.6,0,0
5,3,3b,8,15.1,0,0
5,4,2,51,16.0,0,0
5,4,3,51,12.6,0,0
5,4,4,48,16.5,0,0
5,4,5,51,16.6,0,0
5,4,6,51,25.3,0,0
5,4,7,51,30.0,0,0
5,4,8,51,29.3,0,0
5,4,9,51,18.5,0,0
5,4,1a,51,12.4,0,0
5,4,1b,51,12.2,0,0
5,5,1,32,20.0,0,0
5,5,2,51,17.3,0,0
5,5,3,51,10.0,0,0
5,5,4,51,12.5,0,0
5,5,5,38,11.0,0,0
5,5,6,51,17.7,0,0
5,5,7,51,11.0,0,0
5,5,8,51,10.9,0,0
5,5,9,51,12.0,0,0
5,5,10,51,11.5,0,0
5,5,11,28,11.9,0,0
5,5,12,51,10.5,0,0
5,5,13,51,12.4,0,0
5,5,14,51,11.9,0,0
5,5,15,51,11.3,0,0
5,5,16,32,32.6,0,0
5,5,17,51,13.5,0,0
5,5,18,51,15.8,0,0
5,5,19,51,16.4,0,0
5,5,21,69,21.5,0,0
5,5,22,13,21.5,0,0
5,5,23,51,14.6,0,0
5,5,24,32,22.6,0,0
5,5,25,33,13.4,0,0
5,5,26,50,12.7,0,0
5,5,27,51,18.6,0,0
5,5,28,38,10.3,0,0
5,5,29,51,13.5,0,0
5,5,20a,14,19.3,0,0
5,5,20b,14,15.0,0,0
5,6,1,44,36.3,0,0
5,6,2,57,18.4,0,0
5,6,3,57,10.0,0,0
5,6,4,57,13.0,0,0
5,6,5,57,16.3,0,0
5,6,6,51,15.5,0,0
5,6,7,51,11.2,0,0
5,6,8,51,10.0,0,0
5,6,10,51,20.6,0,0
5,6,11,25,11.0,0,0
5,6,12,25,12.3,0,0
5,6,14,57,22.2,0,0
5,6,15,51,21.5,0,0
5,6,16,32,24.5,0,0
5,6,17,32,23.6,0,0
5,6,18,51,16.3,0,0
5,6,19,51,13.6,0,0
5,6,20,51,17.7,0,0
5,6,21,57,16.3,0,0
5,6,22,1,15.0,0,0
5,6,13a,13,18.5,0,0
5,6,13b,13,21.0,0,0
5,6,9a,51,16.0,0,0
5,6,9b,51,12.6,0,0
5,7,1,44,30.2,0,0
5,7,2,32,25.3,0,0
5,7,3,32,26.3,0,0
5,7,4,32,24.0,0,0
5,7,5,51,23.6,0,0
5,7,6,57,10.0,0,0
5,7,7,13,10.5,0,0
5,7,8,32,11.4,0,0
5,7,9,22,10.5,0,0
5,7,10,13,11.2,0,0
5,7,11,46,10.2,0,0
5,7,12,32,24.5,0,0
5,7,13,57,11.3,0,0
5,7,14,1,22.2,0,0
5,7,15,57,13.0,0,0
5,7,17,56,27.4,0,0
5,7,16a,8,22.0,0,0
5,7,16b,8,10.6,0,0
5,8,1,51,24.9,0,0
5,8,2,68,14.4,0,0
5,8,3,51,17.6,0,0
5,8,4,51,11.1,0,0
5,8,5,51,11.4,0,0
5,8,6,51,11.7,0,0
5,8,7,51,11.2,0,0
5,8,8,51,14.4,0,0
5,8,9,51,10.9,0,0
5,8,11,51,14.0,0,0
5,8,12,51,13.3,0,0
5,8,13,1,17.0,0,0
5,8,14,51,13.3,0,0
5,8,15,32,47.8,0,0
5,8,16,51,12.2,0,0
5,8,17,1,14.2,0,0
5,8,10a,32,19.3,0,0
5,8,10b,32,17.3,0,0
5,9,1,32,21.0,0,0
5,9,4,22,12.0,0,0
5,9,5,48,18.4,0,0
5,9,6,51,12.0,0,0
5,9,7,8,10.5,0,0
5,9,8,51,13.0,0,0
5,9,9,32,31.3,0,0
5,9,10,38,12.4,0,0
5,9,2a,51,18.0,0,0
5,9,2b,51,15.1,0,0
5,9,3a,20,24.0,0,0
5,9,3b,20,11.3,0,0
5,10,2,51,27.0,0,0
5,10,1a,51,19.5,0,0
5,10,1b,51,15.6,0,0
6,1,1,25,12.5,0,0
6,1,4,13,19.4,0,0
6,1,5,13,24.6,0,0
6,1,6,46,13.9,0,0
6,1,7,32,23.5,0,0
6,1,8,13,18.1,0,0
6,1,9,51,13.2,0,0
6,1,10,13,29.1,0,0
6,1,2a,13,15.0,0,0
6,1,2b,13,16.0,0,0
6,1,3a,8,14.4,0,0
6,1,3b,8,13.2,0,0
6,2,1,51,39.6,1,0
6,2,2,51,26.9,0,0
6,2,4,51,10.1,0,0
6,2,5,25,19.2,0,0
6,2,6,13,32.1,0,0
6,2,7,32,19.5,0,0
6,2,8,13,27.6,0,0
6,2,9,32,14.0,0,0
6,2,3a,44,34.8,0,0
6,2,3b,44,21.4,0,0
6,3,1,32,16.2,0,0
6,3,2,32,12.0,0,0
6,3,4,13,25.4,0,0
6,3,5,13,23.6,0,0
6,3,6,49,11.5,0,0
6,3,7,51,21.6,0,0
6,3,8,39,12.4,0,0
6,3,9,22,11.8,0,0
6,3,10,22,10.0,0,0
6,3,11,57,20.5,0,0
6,3,12,46,16.6,0,0
6,3,13,13,25.1,0,0
6,3,14,25,13.0,0,0
6,3,3a,48,14.2,0,0
6,3,3b,48,12.2,0,0
6,4,1,48,10.0,0,0
6,4,3,57,10.2,0,0
6,4,4,61,10.9,0,0
6,4,5,48,15.2,0,0
6,4,6,51,12.5,0,0
6,4,7,22,12.7,0,0
6,4,8,51,11.3,0,0
6,4,9,25,17.6,0,0
6,4,10,16,10.9,0,0
6,4,11,32,21.1,0,0
6,4,2a,51,10.1,0,0
6,4,2b,51,10.6,0,0
6,5,1,13,31.6,0,0
6,5,2,8,10.4,0,0
6,5,3,13,24.7,0,0
6,5,4,8,12.2,0,0
6,5,5,8,12.4,0,0
6,5,6,8,10.5,0,0
6,5,7,8,10.3,0,0
6,5,8,13,23.3,0,0
6,5,9,13,13.5,0,0
6,6,1,46,10.8,0,0
6,6,2,22,10.2,1,0
6,6,3,15,14.4,0,0
6,6,4,15,22.4,0,0
6,6,5,13,18.0,0,0
6,6,6,57,17.0,0,0
6,6,7,13,21.6,0,0
6,6,8,8,17.0,0,0
6,6,10,22,11.7,0,0
6,6,11,15,16.4,0,0
6,6,12,13,34.2,1,0
6,6,13,13,21.6,0,0
6,6,14,46,12.3,0,0
6,6,15,22,11.7,0,0
6,6,16,48,12.6,0,0
6,6,17,15,11.3,0,0
6,6,9a,8,13.0,0,0
6,6,9b,8,13.4,0,0
6,7,2,51,10.6,0,0
6,7,3,9,16.9,0,0
6,7,4,9,11.2,0,0
6,7,5,32,28.6,0,0
6,7,6,9,15.9,0,0
6,7,7,51,22.6,0,0
6,7,8,51,17.7,0,0
6,7,9,32,32.5,0,0
6,7,10,18,12.4,0,0
6,7,11,58,11.6,0,0
6,7,12,22,10.9,0,0
6,7,13,38,12.0,0,0
6,7,14,22,10.5,0,0
6,7,15,13,26.8,0,0
6,7,16,51,28.2,0,0
6,7,1a,51,28.2,0,0
6,7,1b,51,13.9,0,0
6,8,1,8,21.8,0,0
6,8,2,8,15.9,0,0
6,8,3,8,20.8,0,0
6,8,4,8,18.3,0,0
6,8,5,8,17.6,0,0
6,8,6,8,10.5,0,0
6,8,7,8,45.8,0,0
6,8,8,8,16.0,0,0
6,8,9,8,17.7,0,0
6,8,10,8,10.2,0,0
6,8,11,8,21.0,0,0
6,8,12,51,21.8,0,0
6,8,13,8,20.0,0,0
6,8,14,8,22.9,0,0
6,8,0,80,20.5,0,1
6,8,0,80,31.0,0,1
6,9,1,9,10.0,0,0
6,9,2,8,15.4,0,0
6,9,3,32,17.5,0,0
6,9,4,9,12.3,0,0
6,9,5,9,16.3,0,0
6,9,6,8,28.8,0,0
6,9,7,51,13.3,0,0
6,9,8,8,17.2,0,0
6,9,9,8,11.2,0,0
6,9,10,9,18.0,0,0
6,9,11,56,15.5,0,0
6,9,12,44,25.0,0,0
6,9,13,32,30.0,0,0
6,9,14,57,20.1,0,0
6,10,1,22,13.1,0,0
6,10,2,48,13.1,0,0
6,10,3,48,14.4,0,0
6,10,4,48,10.2,0,0
6,10,6,22,13.6,0,0
6,10,7,22,11.1,0,0
6,10,8,8,11.6,0,0
6,10,9,22,12.0,0,0
6,10,10,8,14.6,0,0
6,10,11,32,22.9,1,0
6,10,12,20,11.0,0,0
6,10,13,32,25.7,0,0
6,10,14,32,29.6,0,0
6,10,15,22,10.4,0,0
6,10,16,13,32.6,0,0
6,10,17,48,14.4,0,0
6,10,18,48,10.0,0,0
6,10,19,22,10.2,0,0
6,10,5a,20,12.0,0,0
6,10,5b,20,11.4,0,0
7,1,1,61,14.1,0,0
7,1,2,1,15.3,0,0
7,1,3,1,10.4,0,0
7,1,4,13,10.4,0,0
7,1,5,51,14.6,0,0
7,1,6,57,11.6,0,0
7,1,7,13,23.1,0,0
7,1,8,8,10.4,0,0
7,1,9,51,20.1,0,0
7,1,10,51,20.6,0,0
7,1,11,16,12.2,0,0
7,1,12,32,24.6,0,0
7,1,13,51,24.6,0,0
7,1,14,51,23.2,0,0
7,1,15,51,15.2,0,0
7,1,16,56,25.6,0,0
7,1,17,57,11.3,0,0
7,1,18,48,11.6,0,0
7,1,19,51,25.7,0,0
7,1,20,13,15.2,0,0
7,1,21,48,12.3,0,0
7,1,22,61,11.9,0,0
7,1,23,33,10.2,0,0
7,2,1,32,26.5,0,0
7,2,2,51,14.1,0,0
7,2,3,10,14.5,0,0
7,2,4,8,11.5,0,0
7,2,5,8,10.5,0,0
7,2,6,15,28.0,0,0
7,2,7,63,10.0,0,0
7,2,8,51,28.5,0,0
7,2,9,13,30.1,0,0
7,2,10,8,23.5,0,0
7,2,12,15,15.6,0,0
7,2,13,8,12.7,0,0
7,2,14,8,12.1,0,0
7,2,11a,8,18.3,0,0
7,2,11b,8,12.2,0,0
7,3,1,62,24.6,1,0
7,3,2,57,11.1,0,0
7,3,3,15,14.4,0,0
7,3,4,8,17.0,0,0
7,3,5,62,30.0,1,0
7,3,6,8,15.7,0,0
7,3,7,62,35.1,1,0
7,3,8,57,11.2,0,0
7,3,9,8,12.8,0,0
7,3,10,57,11.2,0,0
7,3,11,8,12.6,0,0
7,3,12,62,38.9,1,0
7,3,13,44,18.3,0,0
7,3,14,57,16.5,0,0
7,3,15,62,45.1,0,0
7,3,16,8,17.4,0,0
7,3,17,51,13.0,0,0
7,3,18,8,11.4,0,0
7,3,19,44,18.4,0,0
7,3,20,51,26.4,1,0
7,3,21,7,10.0,0,0
7,3,22,7,10.9,0,0
7,3,23,46,10.0,0,0
7,3,24,8,11.8,0,0
7,3,25,51,24.0,0,0
7,3,26,57,28.7,0,0
7,3,27,8,11.9,0,0
7,3,28,1,16.5,0,0
7,3,29,44,15.8,0,0
7,3,30,14,22.8,0,0
7,3,31,51,18.1,0,0
7,3,32,8,14.8,0,0
7,3,33,8,13.9,0,0
7,3,35,62,37.2,0,1
7,3,36,14,19.4,0,0
7,3,37,57,10.3,0,0
7,3,34a,14,16.6,0,0
7,3,34b,14,15.2,0,0
7,3,34c,14,22.1,0,0
7,4,1,57,11.9,0,0
7,4,2,51,24.2,0,0
7,4,3,51,19.9,0,0
7,4,4,8,11.6,0,0
7,4,5,1,12.8,1,0
7,4,7,8,10.6,0,0
7,4,8,51,10.0,0,0
7,4,9,51,31.6,0,0
7,4,10,47,14.0,0,0
7,4,11,47,13.7,0,0
7,4,12,47,12.0,0,0
7,4,13,47,11.4,0,0
7,4,14,51,16.7,0,0
7,4,15,51,28.5,0,0
7,4,16,51,11.4,0,0
7,4,17,51,16.9,0,0
7,4,18,8,14.0,0,0
7,4,19,51,17.4,0,0
7,4,20,32,13.0,0,0
7,4,21,51,17.4,0,0
7,4,22,51,24.2,0,0
7,4,23,48,13.3,0,0
7,4,25,15,13.1,0,0
7,4,26,15,10.4,0,0
7,4,27,44,16.1,0,0
7,4,28,8,12.3,0,0
7,4,30,15,11.6,0,1
7,4,31,15,10.8,0,0
7,4,33,10,17.5,0,0
7,4,34,57,11.0,0,0
7,4,35,1,12.8,0,0
7,4,24a,8,20.2,0,0
7,4,24b,8,23.1,0,0
7,4,29a,15,12.9,0,0
7,4,29b,15,12.8,0,0
7,4,32a,15,15.0,0,0
7,4,32b,15,15.8,0,0
7,4,6a,8,20.0,0,0
7,4,6b,8,10.7,0,0
7,5,1,1,12.5,0,0
7,5,2,51,19.2,0,0
7,5,3,32,15.4,0,0
7,5,4,51,15.6,0,0
7,5,5,51,26.4,0,0
7,5,6,32,26.7,0,0
7,5,7,13,30.4,0,0
7,5,8,48,12.5,0,0
7,5,9,51,17.6,0,0
7,5,10,13,19.6,0,0
7,5,11,13,26.3,0,0
7,5,12,41,19.3,0,0
7,5,13,38,14.5,0,0
7,5,14,22,10.7,0,0
7,5,15,51,25.0,0,0
7,5,16,71,13.6,0,0
7,5,17,51,27.6,0,0
7,5,18,22,11.0,0,0
7,5,19,1,16.7,0,1
7,5,20,51,21.0,0,0
7,5,21,8,12.1,0,0
7,5,22,8,10.5,0,0
7,5,23,13,20.9,0,0
7,5,24,13,25.7,0,0
7,5,25,51,18.2,0,0
7,5,26,51,17.7,0,0
7,5,27,51,22.1,0,0
7,5,28,51,13.5,0,0
7,5,29,22,10.9,0,0
7,6,1,51,20.3,0,0
7,6,2,32,11.1,0,0
7,6,3,51,21.0,0,0
7,6,4,51,21.6,0,0
7,6,5,51,11.4,0,0
7,6,6,51,16.6,0,0
7,6,7,51,21.0,0,0
7,6,8,39,19.7,0,0
7,6,9,8,12.4,0,0
7,6,10,51,20.4,0,0
7,6,11,51,15.7,0,0
7,6,12,41,26.2,0,0
7,6,13,56,22.1,0,0
7,6,14,57,15.2,0,0
7,6,15,57,14.5,0,0
7,6,16,15,12.9,0,0
7,6,17,51,17.9,0,0
7,6,18,1,12.0,0,0
7,6,19,57,13.9,0,0
7,6,20,13,23.6,0,0
7,7,1,48,22.5,0,0
7,7,2,51,25.7,0,0
7,7,3,51,18.2,0,0
7,7,4,51,24.8,0,0
7,7,5,63,11.3,0,0
7,7,6,8,10.0,0,0
7,7,8,51,19.8,0,0
7,7,9,22,12.0,0,0
7,7,10,8,10.5,0,0
7,7,11,51,24.3,0,0
7,7,13,60,10.8,0,0
7,7,14,22,10.8,0,0
7,7,15,8,25.8,0,0
7,7,12a,8,16.7,0,0
7,7,12b,8,14.3,0,0
7,7,7a,8,13.7,0,0
7,7,7b,8,12.4,0,0
7,8,2,32,20.1,0,0
7,8,3,32,23.0,0,0
7,8,4,51,25.7,0,0
7,8,5,32,29.0,0,0
7,8,6,13,12.0,1,0
7,8,7,41,28.4,1,0
7,8,8,38,10.5,0,0
7,8,9,1,25.6,0,0
7,8,10,38,13.0,0,0
7,8,11,32,16.2,0,0
7,8,12,41,37.6,1,0
7,8,1a,51,22.6,0,0
7,8,1b,51,21.1,0,0
7,9,1,41,32.4,0,0
7,9,2,13,24.0,0,0
7,9,3,16,10.3,0,0
7,9,4,51,22.7,0,0
7,9,5,8,20.2,0,0
7,9,6,32,22.7,0,0
7,9,7,8,13.2,0,0
7,9,8,8,13.6,0,0
7,9,9,41,25.4,0,0
7,9,10,56,28.3,0,0
7,9,11,16,11.2,0,0
7,9,12,13,23.0,0,0
7,9,13,41,27.2,0,0
7,9,14,10,18.8,0,0
7,10,1,16,10.0,0,0
7,10,3,15,17.6,0,0
7,10,4,15,10.7,0,0
7,10,5,15,12.0,0,0
7,10,6,15,19.1,0,0
7,10,7,1,13.4,0,0
7,10,8,1,10.7,0,0
7,10,9,15,17.2,0,0
7,10,10,15,11.1,0,0
7,10,12,15,13.0,0,0
7,10,13,15,12.5,0,0
7,10,11a,47,39.0,0,0
7,10,11b,47,29.8,0,0
7,10,11c,47,16.0,0,0
7,10,2a,15,14.5,0,0
7,10,2b,15,10.5,0,0
8,1,1,13,18.8,0,0
8,1,2,57,11.6,0,0
8,1,3,57,11.8,0,0
8,1,4,22,10.6,0,0
8,1,5,22,10.3,0,0
8,1,6,22,11.1,0,0
8,1,7,32,10.6,0,0
8,1,8,13,29.2,0,0
8,1,9,22,11.1,0,0
8,1,10,57,10.9,0,0
8,1,11,57,11.2,0,0
8,1,12,22,10.2,0,0
8,1,13,51,16.8,0,0
8,1,14,13,19.2,0,0
8,1,15,22,12.0,0,0
8,1,16,32,12.2,0,0
8,1,17,56,12.5,0,0
8,1,18,22,10.5,0,0
8,1,19,52,19.2,0,0
8,1,20,22,11.0,0,0
8,1,21,13,14.0,0,0
8,1,22,56,16.8,0,0
8,1,23,32,11.1,0,0
8,1,24,13,12.2,0,0
8,1,25,32,24.9,0,0
8,1,26,51,12.5,0,0
8,1,27,51,16.7,0,0
8,1,28,57,13.6,0,0
8,1,29,13,16.8,0,0
8,1,30,13,15.8,0,0
8,2,1,44,32.4,0,0
8,2,2,39,12.0,0,0
8,2,3,15,10.5,0,0
8,2,4,15,23.5,0,1
8,2,5,44,24.1,0,0
8,2,6,57,11.7,0,0
8,2,7,15,18.7,0,0
8,2,8,13,28.6,0,0
8,2,9,13,23.0,0,0
8,2,10,57,21.6,0,0
8,2,11,57,12.3,0,0
8,2,12,13,23.9,0,0
8,2,13,56,18.9,0,0
8,2,14,8,10.2,0,0
8,2,15,8,26.8,0,0
8,3,1,8,20.8,0,0
8,3,2,8,14.7,0,0
8,3,3,8,15.9,0,0
8,3,4,8,14.0,0,0
8,3,5,8,12.2,0,0
8,3,6,8,10.4,0,0
8,3,7,8,18.0,0,0
8,3,8,51,28.6,0,0
8,3,9,8,15.7,0,0
8,3,10,8,11.2,0,0
8,3,11,8,17.3,0,0
8,3,12,39,30.3,0,0
8,3,13,8,13.6,0,0
8,3,14,8,15.4,0,0
8,3,15,8,12.9,0,0
8,3,16,57,23.2,0,0
8,3,17,8,14.7,0,0
8,3,18,74,17.4,0,0
8,3,19,8,12.2,0,0
8,3,20,51,10.4,0,0
8,3,21,1,16.4,0,0
8,3,22,8,16.5,0,0
8,3,23,57,13.0,0,0
8,3,24,51,15.5,0,0
8,3,25,51,18.7,0,0
8,3,26,57,18.6,0,0
8,3,27,57,21.2,0,0
8,3,28,8,25.6,0,0
8,3,29,1,11.2,0,0
8,3,30,57,13.1,0,0
8,3,31,57,22.6,0,0
8,3,33,8,10.1,0,0
8,3,32a,8,16.8,0,0
8,3,32b,8,14.0,0,0
8,3,34a,8,16.5,0,0
8,3,34b,8,14.3,0,0
8,4,1,57,14.0,0,0
8,4,2,32,24.2,0,0
8,4,3,57,10.3,0,0
8,4,4,57,13.3,0,0
8,4,5,13,21.1,0,0
8,4,6,13,11.9,0,0
8,4,7,13,15.4,0,0
8,4,8,13,16.3,0,0
8,4,9,13,11.2,0,0
8,4,10,1,14.0,0,0
8,4,11,32,28.2,0,0
8,4,12,46,10.1,0,0
8,4,13,57,14.3,0,0
8,4,14,13,11.9,0,0
8,4,15,15,10.0,0,0
8,4,16,33,11.5,0,0
8,4,17,22,10.1,0,0
8,4,18,13,11.4,0,0
8,4,19,57,17.6,0,0
8,4,20,22,11.1,0,0
8,4,21,13,11.4,0,0
8,4,22,13,24.7,0,0
8,5,1,22,12.1,0,0
8,5,2,13,24.8,0,0
8,5,3,44,20.0,0,0
8,5,4,57,14.9,0,0
8,5,5,51,17.6,0,0
8,5,6,41,15.9,0,0
8,5,7,13,10.5,0,0
8,5,8,13,13.8,0,0
8,5,9,57,13.2,0,0
8,5,10,25,12.2,0,0
8,5,11,9,27.5,0,0
8,5,12,32,27.9,0,0
8,5,13,13,20.3,0,0
8,5,14,13,17.5,0,0
8,5,15,13,11.8,0,0
8,5,16,13,26.8,0,0
8,5,17,13,10.6,0,0
8,5,18,13,10.4,1,0
8,5,19,13,10.2,0,0
8,5,20,13,10.6,0,0
8,5,21,22,10.2,0,0
8,5,22,51,14.9,0,0
8,6,1,51,22.5,0,0
8,6,2,32,36.4,0,0
8,6,3,74,10.5,0,0
8,6,4,51,13.7,0,0
8,6,5,62,35.8,0,0
8,6,6,62,35.5,0,0
8,6,7,62,28.0,0,0
8,6,8,62,30.4,0,0
8,6,9,57,20.1,0,0
8,6,10,49,21.3,0,0
8,6,11,13,12.0,0,0
8,6,12,51,19.1,0,0
8,6,13,57,10.9,0,0
8,6,14,51,25.2,0,0
8,6,15,57,15.8,0,0
8,6,16,57,12.4,0,0
8,6,17,51,25.5,0,0
8,6,18,51,22.4,0,0
8,6,19,47,26.7,0,0
8,6,20,44,28.4,0,0
8,6,21,57,10.1,0,0
8,6,22,57,10.0,0,0
8,6,23,51,28.0,0,0
8,6,25,51,14.9,0,0
8,6,26,57,14.0,0,0
8,6,27,22,16.0,0,0
8,6,28,57,10.4,0,0
8,6,24a,57,12.1,0,0
8,6,24b,57,11.1,0,0
8,7,1,32,20.2,0,0
8,7,2,32,18.0,0,0
8,7,3,74,10.3,0,0
8,7,4,51,18.9,0,0
8,7,5,74,22.6,0,0
8,7,6,32,13.5,0,0
8,7,7,13,18.6,0,0
8,7,8,22,10.1,0,0
8,7,9,47,35.1,0,0
8,7,10,44,17.3,0,0
8,7,11,32,18.7,0,0
8,7,12,22,10.6,0,0
8,7,13,51,28.2,0,0
8,7,14,57,12.2,0,0
8,7,15,51,14.1,0,0
8,7,16,8,24.5,0,0
8,7,17,8,19.0,0,0
8,7,18,51,11.0,0,0
8,7,19,49,18.2,0,0
8,7,20,13,22.1,0,0
8,7,21,36,10.5,0,0
8,7,22,62,43.3,0,0
8,7,23,32,19.0,0,0
8,7,24,62,26.0,0,0
8,8,1,57,16.4,0,0
8,8,2,57,13.8,0,0
8,8,3,25,14.5,0,0
8,8,4,62,34.0,0,0
8,8,5,51,17.2,0,0
8,8,6,51,21.1,0,0
8,8,7,51,16.1,0,0
8,8,8,51,13.8,0,0
8,8,9,13,23.4,0,0
8,8,10,41,11.0,0,0
8,8,11,15,11.3,0,0
8,8,12,15,12.4,0,0
8,8,13,44,16.3,0,0
8,8,14,15,17.0,0,1
8,8,15,49,22.0,0,0
8,8,16,62,33.9,0,0
8,8,17,32,16.3,0,0
8,8,18,41,23.7,0,0
8,8,19,15,10.9,0,0
8,8,20,49,14.5,0,0
8,8,21,51,16.3,0,0
8,8,22,57,11.4,0,0
8,8,23,56,11.8,0,0
8,8,24,13,21.4,0,0
8,8,25,51,17.8,0,0
8,8,26,57,12.0,0,0
8,9,1,51,15.0,0,0
8,9,2,51,25.5,0,0
8,9,3,8,15.6,0,0
8,9,4,8,12.0,0,0
8,9,5,51,28.4,0,0
8,9,7,8,19.5,0,0
8,9,8,8,15.1,0,0
8,9,9,8,12.5,0,0
8,9,10,13,20.6,0,0
8,9,11,8,12.6,0,0
8,9,12,51,16.2,0,0
8,9,13,44,34.4,0,0
8,9,14,8,14.1,0,0
8,9,15,13,16.7,0,0
8,9,16,56,20.3,0,0
8,9,17,22,12.4,0,0
8,9,18,8,13.7,0,0
8,9,19,13,11.4,0,0
8,9,20,51,18.3,0,0
8,9,21,8,18.3,0,0
8,9,6a,57,19.4,0,0
8,9,6b,57,13.5,0,0
8,10,1,32,24.5,0,0
8,10,2,15,12.8,0,0
8,10,3,39,27.4,0,0
8,10,4,39,12.9,0,0
8,10,5,51,10.0,0,0
8,10,6,48,10.4,0,0
8,10,7,13,12.7,0,0
8,10,8,32,23.8,0,0
8,10,9,44,11.4,0,0
8,10,10,15,11.4,0,0
8,10,11,13,19.8,0,0
8,10,12,13,19.7,0,0
8,10,13,13,24.7,0,0
8,10,14,1,18.4,0,0
8,10,15,22,12.3,0,0
8,10,16,57,18.6,0,0
8,10,17,57,13.7,0,0
8,10,18,57,17.0,0,0
9,1,1,80,20.0,0,1
9,3,2,44,26.8,0,0
9,3,1a,47,28.3,0,0
9,3,1b,47,26.0,0,0
9,4,1,22,14.1,0,0
9,4,2,80,14.0,0,1
9,5,1,44,40.9,0,0
9,5,2,51,26.5,0,0
9,5,3a,38,10.7,0,0
9,5,3b,38,11.0,0,0
9,5,4,80,22.0,0,1
9,7,1,51,33.0,0,0
9,8,1,51,28.3,0,0
9,8,2,51,25.0,0,0
9,9,1,51,27.0,0,0
9,10,1,51,32.6,0,0
10,1,1,38,12.0,0,0
10,1,2,44,29.0,0,0
10,1,3,24,13.5,0,0
10,1,4,24,12.1,0,0
10,1,5,24,13.5,0,0
10,1,6,24,10.5,0,0
10,2,1,51,14.5,0,0
10,2,2,51,20.3,0,0
10,2,3,51,19.1,0,0
10,2,4,51,21.0,0,0
10,2,5,32,30.0,0,0
10,2,6,51,23.1,0,0
10,2,7,22,10.6,0,0
10,2,8,51,14.7,0,0
10,2,9,32,28.5,0,0
10,2,10,13,16.0,0,0
10,2,11,51,21.6,0,0
10,2,12,51,11.0,0,0
10,2,13,22,10.5,0,0
10,3,1,13,27.5,0,0
10,3,2,51,21.5,0,0
10,3,3,51,16.3,0,0
10,3,4,32,14.0,0,0
10,3,5,10,23.0,0,0
10,3,7,10,33.5,0,0
10,3,8,10,40.5,0,0
10,3,9,32,34.5,0,0
10,3,10,51,17.5,0,0
10,3,11,13,16.5,0,0
10,3,12,13,27.6,0,0
10,3,13,9,15.2,0,0
10,3,14,51,30.0,0,0
10,3,15,13,22.7,0,0
10,3,16,13,29.1,0,0
10,3,18,51,17.9,0,0
10,3,19,51,19.6,0,0
10,3,20,32,14.1,0,0
10,3,21,51,16.5,0,0
10,3,17a,51,18.0,0,0
10,3,17b,51,10.8,0,0
10,3,22a,51,17.3,0,0
10,3,22b,51,14.2,0,0
10,3,6a,47,18.0,0,0
10,3,6b,47,12.0,0,0
10,4,1,13,20.5,0,0
10,4,2,51,13.2,0,0
10,4,3,38,12.0,0,0
10,4,4,13,18.3,0,0
10,4,6,25,12.5,0,0
10,4,7,51,12.7,0,0
10,4,8,51,21.0,0,0
10,4,9,51,18.2,0,0
10,4,10,51,19.3,0,0
10,4,11,25,16.0,0,0
10,4,5a,51,16.5,0,0
10,4,5b,51,15.7,0,0
10,5,1,51,26.0,0,0
10,6,1,56,26.0,1,0
10,6,3,51,27.6,1,0
10,6,4,13,22.0,0,0
10,6,2a,51,28.9,0,0
10,6,2b,51,10.6,0,0
10,7,1,49,26.3,0,0
10,7,2,49,21.7,0,0
10,7,3,52,28.5,0,0
10,7,4,49,33.2,0,0
10,7,5,13,31.5,0,0
10,7,6,49,26.2,0,0
10,7,7,51,18.0,0,0
10,7,8,38,21.0,0,0
10,7,9,49,19.0,0,0
10,7,10,49,15.5,0,0
10,7,11,49,23.8,0,0
10,7,12,49,22.0,0,0
10,8,1,48,11.0,0,0
10,8,2,51,19.2,0,0
10,8,4,51,12.2,0,0
10,8,5,51,16.3,0,0
10,8,6,25,13.1,0,0
10,8,7,51,20.0,0,0
10,8,8,25,14.0,0,0
10,8,9,51,25.0,0,0
10,8,11,51,17.6,0,0
10,8,12,32,18.7,0,0
10,8,13,51,19.9,0,0
10,8,14,51,14.0,0,0
10,8,15,25,14.5,0,0
10,8,16,8,16.0,0,0
10,8,17,38,10.5,0,0
10,8,18,51,20.0,0,0
10,8,19,51,10.2,0,0
10,8,20,51,30.2,0,0
10,8,10a,51,18.8,0,0
10,8,10b,51,17.0,1,0
10,8,3a,51,22.3,0,0
10,8,3b,51,17.9,0,0
10,9,1,51,20.5,0,0
10,9,2,51,21.0,0,0
10,9,3,51,24.2,0,0
10,9,4,51,29.9,0,0
10,9,5,32,13.5,0,0
10,9,6,71,22.0,0,0
10,9,7,56,16.0,0,0
10,9,8,51,24.5,1,0
10,9,9,51,26.0,0,0
10,10,1,47,33.0,0,0
10,10,2,51,32.5,0,0
11,1,1,51,28.0,0,0
11,1,2,20,25.4,0,0
11,2,1,32,16.7,0,0
11,2,2,1,12.0,0,1
11,2,3,1,12.0,0,0
11,2,4,16,12.3,0,0
11,2,5,8,14.4,0,0
11,2,6,15,13.6,0,0
11,2,7,57,10.6,0,0
11,2,8,15,13.1,0,0
11,2,9,57,13.6,0,0
11,2,10,15,11.6,0,0
11,2,11,15,10.9,0,0
11,2,12,15,11.9,0,0
11,2,13,15,17.6,0,0
11,2,14,15,10.7,0,0
11,3,1,57,19.0,0,0
11,3,2,32,15.3,0,0
11,3,3,57,12.5,0,0
11,3,4,8,13.8,0,0
11,3,6,57,11.8,0,0
11,3,7,8,17.5,0,0
11,3,8,8,14.3,0,0
11,3,9,8,12.4,0,0
11,3,10,8,13.4,0,0
11,3,11,8,14.5,0,0
11,3,12,8,17.4,0,0
11,3,13,57,19.3,0,0
11,3,14,8,46.2,0,0
11,3,5a,8,20.2,0,0
11,3,5b,8,19.2,0,0
11,4,1,51,24.4,0,0
11,4,2,47,11.7,0,0
11,5,1,13,26.3,0,0
11,5,2,22,11.3,0,0
11,5,3,13,23.2,0,0
11,5,4,13,17.3,0,1
11,5,5,57,15.5,0,0
11,5,6,8,23.4,0,0
11,5,7,1,16.5,0,1
11,5,10,8,13.4,0,0
11,5,8a,8,25.1,0,0
11,5,8b,8,15.7,0,0
11,5,9a,8,16.1,0,0
11,5,9b,8,15.0,0,0
11,6,1,57,18.2,0,0
11,6,2,8,23.5,0,0
11,6,4,51,16.2,0,0
11,6,5,22,12.6,0,0
11,6,6,25,10.2,0,0
11,6,7,22,11.0,0,0
11,6,9,57,27.1,0,0
11,6,10,8,12.6,0,0
11,6,11,1,19.4,0,0
11,6,12,25,10.1,0,0
11,6,13,25,11.1,0,0
11,6,14,51,12.8,0,0
11,6,15,51,16.0,0,0
11,6,16,8,22.1,0,0
11,6,17,8,29.4,0,0
11,6,18,8,16.1,0,0
11,6,19,8,25.9,0,0
11,6,20,22,10.0,0,0
11,6,3a,8,26.9,0,0
11,6,3b,8,14.9,0,0
11,6,8a,8,11.0,0,0
11,6,8b,8,10.1,0,0
11,7,1,8,11.8,0,0
11,7,2,8,15.4,0,0
11,7,3,8,29.4,0,0
11,7,4,1,10.7,0,1
11,7,5,38,11.2,0,0
11,7,6,57,14.9,0,0
11,7,7,8,18.5,0,0
11,7,8,1,11.1,0,0
11,7,9,8,11.5,0,0
11,7,10,8,21.6,0,0
11,7,11,58,11.0,0,0
11,7,12,62,61.1,0,0
11,7,13,32,26.2,0,0
11,7,14,8,12.0,0,0
11,7,15,51,22.6,0,0
11,7,16,8,11.6,0,0
11,7,17,8,10.3,0,0
11,7,18,8,10.4,0,0
11,7,19,8,10.9,0,0
11,7,20,8,11.4,0,0
11,7,21,13,10.1,0,0
11,7,22,13,18.8,0,0
11,7,23,8,13.9,0,0
11,8,2,8,16.8,0,0
11,8,3,51,18.9,0,0
11,8,4,8,13.4,0,0
11,8,5,8,16.3,0,0
11,8,8,15,13.3,0,0
11,8,10,9,12.7,0,0
11,8,11,9,11.0,0,0
11,8,12,9,12.9,0,0
11,8,13,32,18.4,0,0
11,8,14,32,21.7,0,0
11,8,15,9,14.2,0,0
11,8,16,1,10.9,0,0
11,8,17,8,16.4,0,0
11,8,18,8,13.1,0,0
11,8,19,8,13.5,0,0
11,8,20,1,13.5,0,0
11,8,21,74,21.9,0,0
11,8,22,32,23.7,0,0
11,8,23,51,13.9,0,0
11,8,24,51,19.4,0,0
11,8,1a,8,14.4,0,0
11,8,1b,8,14.6,0,0
11,8,6a,8,16.3,0,0
11,8,6b,8,12.4,0,0
11,8,7a,44,31.8,0,0
11,8,7b,44,25.3,0,0
11,8,9a,8,14.3,0,0
11,8,9b,8,13.0,0,0
11,9,1,51,23.1,0,0
11,10,1,8,26.4,0,0
11,10,2,1,10.3,0,1
11,10,3,46,12.5,0,0
11,10,5,8,14.2,0,0
11,10,6,8,13.6,0,0
11,10,7,1,11.8,0,0
11,10,8,8,13.3,0,0
11,10,9,1,12.0,0,0
11,10,10,32,15.0,0,0
11,10,11,8,17.3,0,0
11,10,12,57,11.3,0,0
11,10,13,57,14.1,0,0
11,10,14,57,14.7,0,0
11,10,16,8,17.2,0,0
11,10,17,25,12.3,0,0
11,10,18,22,11.2,0,0
11,10,19,57,10.2,0,0
11,10,20,32,11.5,0,0
11,10,21,57,18.1,0,0
11,10,15a,8,21.5,0,0
11,10,15b,8,11.4,0,0
11,10,4a,8,17.2,0,0
11,10,4b,8,10.6,0,0
12,1,1,74,26.0,0,0
12,1,2,74,16.0,0,0
12,1,3,13,22.1,0,0
12,1,4,51,27.8,0,0
12,1,5,22,10.0,0,0
12,1,6,49,27.1,0,0
12,1,7,49,22.2,0,0
12,1,8,13,23.3,0,0
12,1,9,53,16.0,0,0
12,1,10,25,22.0,0,0
12,1,11,25,16.4,0,0
12,1,12,51,20.0,0,0
12,1,13,44,32.3,0,0
12,1,14,32,14.3,0,0
12,1,15,25,15.6,0,0
12,2,1,13,14.7,0,0
12,2,2,46,11.6,0,0
12,2,4,51,22.0,0,0
12,2,5,51,18.4,0,0
12,2,6,51,21.5,0,0
12,2,7,51,16.9,0,0
12,2,8,51,22.9,0,0
12,2,10,1,14.5,0,0
12,2,11,51,12.3,0,0
12,2,12,51,27.6,0,0
12,2,13,51,17.6,0,0
12,2,14,32,15.2,0,0
12,2,15,49,11.0,0,0
12,2,16,46,11.4,0,0
12,2,17,49,12.7,0,0
12,2,18,32,18.6,0,0
12,2,19,49,10.4,0,0
12,2,20,46,14.5,0,0
12,2,21,62,25.2,0,0
12,2,22,13,10.3,0,0
12,2,3a,8,14.1,0,0
12,2,3b,8,13.7,0,0
12,2,3c,8,14.3,0,0
12,2,9a,8,14.9,0,0
12,2,9b,8,14.3,0,0
12,3,1,51,16.6,0,0
12,3,2,51,26.1,0,0
12,3,3,47,19.1,0,0
12,3,4,51,19.5,0,0
12,4,1,20,11.5,0,0
12,4,2,22,11.0,0,0
12,4,3,22,11.6,0,0
12,4,4,41,29.6,0,0
12,4,5,15,12.0,0,0
12,4,6,15,14.9,0,0
12,4,7,3,10.3,0,0
12,4,8,22,14.3,0,0
12,4,9,15,15.4,0,0
12,4,10,57,13.9,0,0
12,4,11,22,12.1,0,0
12,4,12,22,13.0,0,0
12,4,13,74,13.1,0,0
12,4,14,13,17.5,0,0
12,4,15,13,30.3,0,0
12,4,16,13,21.1,0,0
12,4,17,13,20.1,0,0
12,4,18,13,20.4,0,0
12,4,19,13,16.2,0,0
12,5,1,22,10.4,0,0
12,5,2,22,11.6,0,0
12,5,3,22,13.5,0,0
12,5,5,22,10.0,0,0
12,5,6,22,10.0,0,0
12,5,7,22,10.0,0,0
12,5,8,51,19.4,0,0
12,5,9,13,21.0,0,0
12,5,10,49,22.4,0,0
12,5,11,32,22.7,0,0
12,5,12,10,12.0,0,0
12,5,13,1,12.4,0,0
12,5,14,51,20.6,0,0
12,5,15,22,10.0,0,0
12,5,16,32,20.9,0,0
12,5,17,49,15.0,0,0
12,5,18,32,29.0,0,0
12,5,4a,15,12.4,0,0
12,5,4b,15,11.8,0,0
12,6,1,62,35.0,0,0
12,6,2,32,23.0,0,0
12,6,3,1,15.0,0,0
12,6,4,51,21.0,0,0
12,6,5,51,20.5,0,0
12,6,6,22,13.5,0,0
12,6,7,22,10.0,0,0
12,6,8,13,12.2,0,0
12,6,9,57,13.0,0,0
12,6,10,49,23.0,0,0
12,6,11,32,17.0,0,0
12,6,12,1,15.2,0,0
12,6,13,76,12.0,0,0
12,6,14,76,12.5,0,0
12,6,15,62,46.0,0,0
12,6,16,24,16.0,0,0
12,6,17,32,27.0,0,0
12,6,18,62,25.7,0,0
12,6,19,44,21.0,0,0
12,6,20,76,12.0,0,0
12,6,21,57,19.0,0,0
12,6,22,8,27.6,0,0
12,6,23,8,12.4,0,0
12,6,24,13,14.0,0,0
12,6,25,57,18.5,0,0
12,6,26,1,20.0,0,0
12,6,27,47,13.0,0,0
12,6,28,51,11.4,0,0
12,6,29,8,12.3,0,0
12,7,1,22,10.2,0,0
12,7,2,51,20.0,0,0
12,7,3,22,11.2,0,0
12,7,4,20,18.0,0,0
12,7,5,22,12.3,0,0
12,7,6,13,18.5,0,0
12,7,7,32,14.5,0,0
12,7,8,22,10.3,0,0
12,7,9,22,11.4,0,0
12,7,10,32,21.0,0,0
12,7,13,10,16.5,0,0
12,7,14,22,11.0,0,0
12,7,15,13,13.0,0,0
12,7,16,32,30.1,0,0
12,7,17,13,26.2,0,0
12,7,18,22,11.0,0,0
12,7,19,51,25.5,0,0
12,7,20,22,10.0,0,0
12,7,21,13,12.2,0,0
12,7,22,13,11.5,0,0
12,7,23,13,20.1,0,0
12,7,24,51,19.1,0,0
12,7,25,32,24.0,0,0
12,7,26,51,22.0,0,0
12,7,11a,57,22.3,0,0
12,7,11b,57,10.7,0,0
12,7,12a,20,12.5,0,0
12,7,12b,20,14.4,0,0
12,8,1,13,31.2,0,0
12,8,2,32,18.1,0,0
12,8,3,56,12.0,0,0
12,8,4,8,14.2,0,0
12,8,5,13,12.2,0,0
12,8,6,62,57.1,0,0
12,8,7,32,13.9,0,0
12,8,8,32,15.0,0,0
12,8,9,32,13.8,0,0
12,8,10,32,10.5,0,0
12,8,11,62,34.0,0,0
12,8,12,56,14.6,0,0
12,8,13,32,20.1,0,0
12,8,14,57,17.0,0,0
12,8,15,49,10.6,0,0
12,8,16,38,10.6,0,0
12,8,17,8,21.3,0,0
12,8,18,62,49.1,1,0
12,8,19,62,21.1,1,0
12,8,20,13,22.3,0,0
12,8,21,22,10.3,0,0
12,9,1,15,17.0,0,0
12,9,3,20,11.0,0,0
12,9,4,49,10.0,0,0
12,9,5,56,17.0,0,0
12,9,6,56,29.3,0,0
12,9,7,41,28.5,0,0
12,9,8,15,13.2,0,0
12,9,9,57,19.7,0,0
12,9,10,51,10.6,0,0
12,9,11,51,10.9,0,0
12,9,12,13,11.6,0,0
12,9,13,32,24.5,0,0
12,9,14,8,11.3,0,0
12,9,15,16,10.0,0,0
12,9,16,74,22.7,0,0
12,9,17,32,25.0,0,0
12,9,18,41,26.0,0,0
12,9,19,8,19.5,0,0
12,9,20,13,15.0,0,0
12,9,21,57,18.0,0,0
12,9,22,8,24.5,0,0
12,9,23a,8,12.0,0,0
12,9,23b,8,16.2,0,0
12,9,2a,56,27.0,0,0
12,9,2b,56,14.0,0,0
12,10,1,51,11.9,0,0
12,10,2,20,12.7,0,0
12,10,3,8,19.7,0,0
12,10,4,13,15.5,0,0
12,10,5,13,16.0,0,0
12,10,6,20,14.7,0,0
12,10,7,13,13.8,0,0
12,10,8,1,11.0,0,0
12,10,9,13,16.5,0,0
12,10,10,1,17.6,0,0
12,10,11,46,13.0,0,0
12,10,12,1,14.3,0,0
12,10,13,13,11.0,0,0
12,10,14,46,12.6,0,0
12,10,15,22,12.2,0,0
12,10,16,51,25.0,0,0
12,10,17,13,14.0,0,0
12,10,18,57,18.0,0,0
12,10,19,13,12.2,0,0
12,10,20,13,16.5,0,0
12,10,21,13,16.6,0,0
12,10,22,46,12.5,0,0
12,10,23,13,17.2,0,0
12,10,24,13,15.0,0,0
12,10,25,20,13.0,0,0
12,10,26,51,12.0,0,0
12,10,27,32,29.7,0,0
12,10,28,32,26.5,0,0
13,1,1,51,37.3,0,0
13,2,1,51,27.5,0,0
13,2,2,51,14.4,0,0
13,2,3,22,12.6,0,0
13,3,1,51,33.3,0,0
13,3,3,51,15.6,0,0
13,3,2a,25,16.2,0,0
13,3,2b,25,10.0,0,0
13,3,2c,25,14.2,0,0
13,3,2d,25,13.5,0,0
13,4,1a,38,12.2,0,0
13,4,1b,38,10.1,0,0
13,5,1,10,52.0,0,0
13,5,2,20,26.5,1,0
13,6,1,47,57.7,0,0
13,6,2,51,28.3,0,0
13,6,3,51,34.0,0,0
13,7,1,51,29.0,0,0
13,7,2,51,29.5,0,0
13,7,3,44,39.0,0,0
13,7,4,51,36.6,0,0
13,9,1,10,13.8,0,0
13,9,2,51,52.0,0,0
13,9,3,51,32.1,0,0
13,9,4,13,30.5,0,0
13,10,1,32,31.5,0,0
13,10,2,51,25.2,0,0
13,10,3,77,28.5,1,0
13,10,0,80,11.7,0,1
14,1,1,51,24.8,0,0
14,1,2,51,31.7,0,0
14,2,1,51,18.0,0,0
14,2,2,51,20.0,0,0
14,3,1,51,20.0,0,0
14,3,2,51,26.0,0,0
14,3,3,47,31.0,0,0
14,3,4,51,25.0,0,0
14,3,5,51,21.8,0,0
14,3,6,62,43.0,0,0
14,3,7,8,27.7,0,0
14,3,8,13,25.5,0,0
14,3,9a,51,17.0,0,0
14,3,9b,51,16.5,0,0
14,4,1,51,38.0,0,0
14,5,1,51,22.0,0,0
14,5,2,51,26.0,0,0
14,5,3,32,24.0,0,0
14,6,1,51,22.0,0,0
14,6,2,2,14.0,0,0
14,6,3,32,14.0,0,0
14,6,4,32,20.0,0,0
14,6,5,78,12.0,0,0
14,6,6,78,14.0,0,0
14,6,7,5,22.0,0,0
14,6,8,32,30.0,0,0
14,6,10,2,10.0,0,0
14,6,11,41,28.0,0,0
14,6,12,8,14.0,0,0
14,6,13,32,10.0,0,0
14,6,14,32,14.0,0,0
14,6,15,32,10.0,0,0
14,6,16,32,16.0,0,0
14,6,17,51,12.0,0,0
14,6,18,41,19.0,0,0
14,6,20,57,10.0,0,0
14,6,21,57,21.0,0,0
14,6,22,36,12.0,0,0
14,6,23,8,14.0,0,0
14,6,24,8,12.0,0,0
14,6,27,51,18.0,0,0
14,6,28,51,10.0,0,0
14,6,30,25,14.0,0,0
14,6,31,78,16.0,0,0
14,6,32,78,10.0,0,0
14,6,33,48,26.0,0,0
14,6,34,2,14.0,0,0
14,6,35,78,14.0,0,0
14,6,36,78,14.0,0,0
14,6,37,32,22.0,0,0
14,6,19a,8,22.0,0,0
14,6,19b,8,12.0,0,0
14,6,19c,8,20.0,0,0
14,6,25a,41,24.0,0,0
14,6,25b,41,18.0,0,0
14,6,26a,57,16.0,0,0
14,6,26b,57,24.0,0,0
14,6,26c,57,12.0,0,0
14,6,29a,57,22.0,0,0
14,6,29b,57,12.0,0,0
14,6,9a,48,18.0,0,0
14,6,9b,48,12.0,0,0
14,7,1,13,24.0,0,0
14,7,2,2,16.0,0,0
14,7,3,51,27.0,0,0
14,7,5,56,20.0,0,0
14,7,6,56,24.0,0,0
14,7,7,13,16.0,0,0
14,7,8,51,24.0,0,0
14,7,4a,51,25.0,0,0
14,7,4b,51,14.0,0,0
14,8,1,51,23.0,0,0
14,8,2,51,23.0,0,0
14,8,3,51,33.0,0,0
14,9,2,25,11.6,0,0
14,9,4,1,12.0,0,0
14,9,5,25,15.3,0,0
14,9,6,25,14.5,0,0
14,9,7,1,11.0,0,0
14,9,8,1,12.5,1,0
14,9,9,1,13.0,0,0
14,9,12,1,11.0,1,0
14,9,13,8,12.5,0,0
14,9,10a,1,16.2,0,0
14,9,10b,1,11.0,0,0
14,9,11a,1,10.4,0,0
14,9,11b,1,10.0,0,0
14,9,1a,9,12.0,0,0
14,9,1b,9,10.0,0,0
14,9,1c,9,10.0,0,0
14,9,3a,8,15.4,0,0
14,9,3b,8,10.2,0,0
14,10,1,51,22.3,0,0
15,1,1,51,23.2,0,0
15,1,2a,51,24.4,0,0
15,1,2b,51,21.8,0,0
15,2,1,51,16.8,0,0
15,2,2,51,29.2,0,0
15,2,3,51,27.9,0,0
15,3,1,49,19.0,0,0
15,3,2,49,18.5,0,0
15,3,3,49,19.6,0,0
15,3,4,49,19.7,0,0
15,3,5,51,11.5,0,0
15,3,6,51,28.8,0,0
15,4,1,51,15.2,0,0
15,4,2,51,32.8,0,0
15,4,3,51,18.8,0,0
15,5,1,51,18.3,0,0
15,5,2,51,16.9,0,0
15,5,3a,51,16.4,0,1
15,5,3b,51,15.6,0,1
15,6,1,51,26.8,0,0
15,6,2,51,33.2,0,0
15,6,3,51,23.7,0,0
15,6,4,51,30.0,0,0
15,6,5a,44,30.6,0,0
15,6,5b,44,31.4,0,0
15,7,1,62,27.0,0,0
15,7,2,10,25.4,0,0
15,7,3,41,25.0,0,0
15,7,4,41,29.6,0,0
15,7,5,41,26.4,0,0
15,7,6,51,17.7,0,0
15,7,7,51,21.0,0,0
15,7,8,22,16.7,0,0
15,8,1,1,21.9,0,1
15,8,2,1,16.5,0,1
15,9,1,51,24.0,0,0
15,9,2,51,20.4,0,0
15,9,3,62,23.4,0,0
15,9,4,62,27.7,0,0
16,2,1,22,15.1,0,0
16,2,2,51,16.9,0,0
16,2,3,8,13.2,0,0
16,2,4,8,16.4,0,0
16,2,5,8,10.1,0,0
16,2,6,8,12.3,0,0
16,2,7,33,10.1,0,0
16,2,8,8,16.4,0,0
16,2,9,8,11.8,0,0
16,2,10,8,17.3,0,0
16,2,11,8,14.6,0,0
16,2,12,8,26.7,0,0
16,2,13,79,11.6,0,0
16,2,15,51,10.1,0,0
16,2,16,8,39.8,0,0
16,2,17,8,16.5,0,0
16,2,19,8,12.1,0,0
16,2,20,8,18.1,0,0
16,2,22,8,10.0,0,0
16,2,23,8,14.8,0,0
16,2,24,22,10.1,0,0
16,2,25,8,14.2,0,0
16,2,26,8,15.4,0,0
16,2,27,8,12.2,0,0
16,2,29,8,10.4,0,0
16,2,30,22,20.2,0,0
16,2,31,62,53.0,0,0
16,2,14a,8,10.7,0,0
16,2,14b,8,13.1,0,0
16,2,18a,8,14.6,0,0
16,2,18b,8,12.0,0,0
16,2,21a,9,16.0,0,0
16,2,21b,9,14.3,0,0
16,2,28a,8,14.0,0,0
16,2,28b,8,14.1,0,0
16,3,1,8,14.4,0,0
16,3,2,8,12.2,0,0
16,3,3,8,11.8,0,0
16,3,4,8,17.7,0,0
16,3,5,10,13.0,0,0
16,3,6,33,16.1,0,0
16,3,7,8,21.3,0,0
16,3,8,8,11.7,0,0
16,3,9,8,12.2,0,0
16,3,10,8,18.2,0,0
16,3,11,8,19.3,0,0
16,3,12,51,25.0,0,0
16,3,13,8,17.3,0,0
16,3,14,8,21.9,0,0
16,3,15,8,19.7,0,0
16,3,16,8,16.7,0,0
16,3,17,8,15.2,0,0
16,3,18,8,19.9,0,0
16,3,21,8,18.8,0,0
16,3,22,8,12.5,0,0
16,3,23,32,12.5,0,0
16,3,24,49,15.1,0,0
16,3,25,8,17.2,0,0
16,3,26,8,24.0,0,0
16,3,27,8,11.4,0,0
16,3,28,8,15.5,0,0
16,3,29,8,17.4,0,0
16,3,30,51,12.3,0,0
16,3,31,8,11.8,0,0
16,3,32,13,10.1,0,1
16,3,33,8,16.0,0,0
16,3,34,8,15.9,0,0
16,3,35,8,14.3,0,0
16,3,36,8,17.5,0,0
16,3,37,8,15.6,0,0
16,3,38,8,10.0,0,0
16,3,19a,8,18.3,0,0
16,3,19b,8,21.2,0,0
16,3,19c,8,12.1,0,0
16,3,20a,22,13.6,0,1
16,3,20b,22,11.9,0,0
16,4,1,51,14.5,0,0
16,4,2,1,10.4,0,0
16,4,3,22,10.4,0,0
16,4,4,13,11.5,0,0
16,4,5,13,14.0,0,0
16,4,6,32,12.5,0,0
16,4,7,13,21.0,0,0
16,4,8,20,19.2,0,0
16,4,9,51,26.4,0,0
16,4,10,51,21.2,0,0
16,4,11,13,10.2,0,0
16,4,12,13,10.5,0,0
16,4,13,22,15.0,0,0
16,4,14,13,11.7,0,0
16,4,15,22,13.3,0,0
16,4,16,51,29.7,0,0
16,4,17,51,15.0,0,0
16,4,18,51,15.4,0,0
16,4,19,13,16.5,0,0
16,4,20,13,10.0,0,0
16,4,21,8,15.4,0,0
16,4,22,8,13.9,0,0
16,4,23,8,10.8,0,0
16,4,24,9,10.5,0,0
16,4,26,13,13.2,0,0
16,4,27,51,18.7,0,0
16,4,28,1,13.4,0,0
16,4,29,22,21.6,0,0
16,4,30,20,12.1,0,0
16,4,31,51,12.2,0,0
16,4,25a,8,12.4,0,0
16,4,25b,8,10.3,0,0
16,4,25c,8,12.1,0,0
16,5,1,9,13.1,0,0
16,5,2,9,14.2,0,0
16,5,3,8,17.9,0,0
16,5,4,8,17.0,0,0
16,5,5,8,32.4,0,0
16,5,6,8,10.9,0,0
16,5,7,8,11.0,0,0
16,5,8,8,13.2,0,0
16,5,11,8,14.0,0,0
16,5,12,9,15.5,0,0
16,5,13,8,22.3,0,0
16,5,14,41,20.8,0,1
16,5,16,8,21.4,0,0
16,5,17,8,19.2,0,0
16,5,18,57,10.6,0,0
16,5,19,8,11.3,0,0
16,5,20,8,12.1,0,0
16,5,21,8,25.6,0,0
16,5,23,8,19.8,0,0
16,5,24,9,12.9,0,0
16,5,25,8,12.1,0,0
16,5,26,8,28.4,0,0
16,5,28,9,12.0,0,0
16,5,30,8,24.7,0,0
16,5,31,8,13.9,0,0
16,5,32,8,22.4,0,0
16,5,33,8,17.4,0,0
16,5,34,8,16.9,0,0
16,5,35,8,12.7,0,0
16,5,10a,8,16.9,0,0
16,5,10b,8,14.2,0,0
16,5,15a,8,25.5,0,0
16,5,15b,8,12.8,0,0
16,5,22a,8,14.4,0,0
16,5,22b,8,14.3,0,0
16,5,27a,8,22.2,0,0
16,5,27b,8,14.7,0,0
16,5,29a,8,19.1,0,0
16,5,29b,8,20.2,0,0
16,5,9a,8,17.7,0,0
16,5,9b,8,11.3,0,0
16,6,1,8,16.9,0,0
16,6,2,8,16.5,0,0
16,6,3,8,36.1,0,0
16,6,4,41,24.3,0,0
16,6,6,26,10.2,0,0
16,6,7,8,32.4,0,0
16,6,8,39,40.0,0,1
16,6,9,32,18.2,0,0
16,6,10,8,16.7,0,0
16,6,11,8,27.0,0,0
16,6,12,75,14.0,0,0
16,6,13,8,12.3,0,0
16,6,14,51,17.3,0,0
16,6,15,33,19.7,0,0
16,6,16,32,11.1,0,0
16,6,17,51,16.6,0,0
16,6,18,8,37.3,0,0
16,6,5a,47,16.5,0,0
16,6,5b,47,18.1,0,0
16,7,2,22,12.3,0,0
16,7,3,61,11.1,0,0
16,7,4,13,23.7,0,0
16,7,5,51,17.1,0,0
16,7,6,1,10.0,0,0
16,7,7,13,10.0,0,0
16,7,8,1,10.3,0,0
16,7,9,46,11.5,0,0
16,7,10,13,14.8,0,0
16,7,11,1,14.9,0,0
16,7,12,9,13.8,0,0
16,7,14,38,10.0,0,0
16,7,15,51,27.6,0,0
16,7,16,8,10.0,0,0
16,7,17,51,27.0,0,0
16,7,18,32,16.9,0,0
16,7,19,1,15.9,0,0
16,7,20,51,24.8,0,0
16,7,21,51,11.7,0,0
16,7,22,51,12.1,0,0
16,7,23,51,21.5,0,0
16,7,24,1,14.6,0,0
16,7,13a,51,12.8,0,0
16,7,13b,51,10.3,0,0
16,7,13c,51,10.6,0,0
16,7,1a,13,15.8,0,0
16,7,1b,13,14.3,0,0
16,8,1,8,19.5,0,0
16,8,2,8,19.4,0,0
16,8,3,8,11.5,0,0
16,8,4,8,11.4,0,0
16,8,5,57,12.0,0,0
16,8,6,8,14.0,0,0
16,8,10,8,15.2,0,0
16,8,11,8,10.5,0,0
16,8,12,8,13.6,0,0
16,8,13,32,19.6,0,0
16,8,14,8,12.4,0,0
16,8,15,32,13.8,0,0
16,8,16,8,16.2,0,0
16,8,18,8,21.3,0,0
16,8,19,8,45.0,0,0
16,8,20,8,42.7,0,0
16,8,21,8,36.8,0,0
16,8,22,51,13.7,0,0
16,8,23,51,12.8,0,0
16,8,24,1,13.6,0,0
16,8,17a,8,15.4,0,0
16,8,17b,8,11.5,0,0
16,8,25a,8,19.1,0,0
16,8,25b,8,10.8,0,0
16,8,7a,8,13.4,0,0
16,8,7b,8,10.4,0,0
16,8,8a,8,18.8,0,0
16,8,8b,8,14.8,0,0
16,8,8c,8,10.0,0,0
16,8,9a,8,20.0,0,0
16,8,9b,8,15.7,0,0
16,9,1,8,20.1,0,0
16,9,2,10,24.4,0,0
16,9,3,10,24.5,0,0
16,9,4,10,58.3,0,0
16,9,5,17,11.4,0,0
16,9,6,8,13.5,0,0
16,9,7,8,13.0,0,1
16,9,8,8,13.1,0,0
16,9,9,8,16.5,0,0
16,9,11,8,10.3,0,0
16,9,13,8,13.4,0,0
16,9,14,8,11.1,0,0
16,9,16,8,15.3,0,0
16,9,17,8,21.1,0,0
16,9,18,8,14.1,0,0
16,9,20,9,11.6,0,0
16,9,22,8,10.7,0,0
16,9,24,8,21.9,0,0
16,9,25,8,17.1,0,0
16,9,26,8,17.5,0,0
16,9,27,8,10.6,0,0
16,9,28,10,14.4,0,0
16,9,29,10,30.2,0,0
16,9,30,10,16.2,0,0
16,9,31,10,27.2,0,0
16,9,32,8,17.6,0,0
16,9,10a,8,14.2,0,0
16,9,10b,8,10.8,0,0
16,9,12a,17,10.6,0,0
16,9,12b,17,10.9,0,0
16,9,15a,8,24.4,0,0
16,9,15b,8,16.1,0,0
16,9,15c,8,14.6,0,0
16,9,19a,8,12.9,0,1
16,9,19b,8,12.7,0,1
16,9,21a,8,22.8,0,0
16,9,21b,8,19.8,0,0
16,9,23a,9,12.5,0,0
16,9,23b,9,12.4,0,0
16,10,1,32,20.7,0,0
16,10,2,1,10.3,0,0
16,10,3,45,13.1,0,0
16,10,4,45,16.7,0,0
16,10,5,8,10.5,0,0
16,10,6,51,13.0,0,0
16,10,7,51,11.7,0,0
16,10,8,8,17.1,0,0
16,10,9,51,14.4,0,0
16,10,10,8,15.4,0,0
16,10,11,8,13.6,0,0
16,10,12,8,12.4,0,0
16,10,13,51,12.1,0,0
16,10,14,8,12.5,0,0
16,10,15,8,13.4,0,0
16,10,16,8,12.6,0,0
16,10,17,8,12.7,0,0
16,10,19,9,13.5,0,0
16,10,20,8,11.3,0,0
16,10,21,8,13.2,0,0
16,10,23,8,14.2,0,0
16,10,24,16,10.0,0,0
16,10,25,41,24.3,0,0
16,10,26,41,18.1,0,0
16,10,27,8,12.4,0,0
16,10,28,8,12.2,0,0
16,10,29,32,15.7,0,0
16,10,30,8,25.1,0,0
16,10,31,8,21.4,0,0
16,10,18a,8,12.4,0,0
16,10,18b,8,10.2,0,0
16,10,22a,8,15.4,0,0
16,10,22b,8,14.6,0,0
