Cluster ID,Plot ID,Tree ID,Species,DBH (cm),Unusual,Dead,,,
3,1,1a,52,26,0,0,,,
3,1,1b,52,18,0,0,,,
3,1,1c,52,17,0,0,,,
3,1,2,55,10,0,0,,,
3,1,3,55,11,0,0,,,
3,1,4,55,14,0,0,,,
3,1,5,55,11,0,0,,,
3,1,6,18,14,0,0,,,
3,1,7,18,11,0,0,,,
3,1,8,18,11,0,0,,,
3,1,9,18,12,0,0,,,
3,1,10,18,13,0,0,,,
3,1,11,18,14,0,0,,,
3,1,12,18,10,0,0,,,
3,1,13,18,11,0,0,,,
3,1,14,18,18,0,0,,,
3,1,15,55,10,0,0,,,
3,1,16,55,15,0,0,,,
3,1,17,111,14,0,0,,,
3,1,18,55,14,0,0,,,
3,1,19,1,11,0,0,,,
3,1,20,1,11,0,0,,,
3,1,21,1,10,0,0,,,
3,1,22,52,17,0,0,,,
3,1,23,39,11,0,0,,,
3,1,24,39,15,0,0,,,
3,1,25,52,28,0,0,,,
3,1,26,52,17,0,0,,,
3,1,27,86,14,0,0,,,
3,1,28,18,13,0,0,,,
3,1,29,18,24,0,0,,,
3,1,30,18,13,0,0,,,
3,1,31,18,12,0,0,,,
3,1,32,18,17,0,0,,,
3,1,33,18,11,0,0,,,
3,1,34,61,24,0,0,,,
3,1,35,22,16,0,0,,,
3,1,36a,1,14,0,0,,,
3,1,36b,1,13,0,0,,,
3,1,37,52,18,0,0,,,
3,1,38,52,17,0,0,,,
3,1,39,52,15,0,0,,,
3,1,40,61,21,0,0,,,
3,1,41,61,16,0,0,,,
3,2,1,61,34,0,0,,,
3,2,2,61,15,0,0,,,
3,2,3,61,31,0,0,,,
3,2,4a,111,14,0,0,,,
3,2,4b,111,12,0,0,,,
3,2,4c,111,11,0,0,,,
3,3,1,65,11,0,0,,,
3,3,2,65,10,0,0,,,
3,3,3,87,11,0,0,,,
3,3,4,87,12,0,0,,,
3,4,1,87,18,0,0,,,
3,4,2,18,28,0,0,,,
3,4,3,111,28,0,0,,,
3,4,4,111,17,0,0,,,
3,4,5,61,34,0,0,,,
3,4,6,61,11,0,0,,,
3,4,7,38,12,0,0,,,
3,4,8,18,20,0,0,,,
3,4,9,89,11,0,0,,,
3,4,10,31,15,0,0,,,
3,4,11a,31,18,0,0,,,
3,4,11b,31,19,0,0,,,
3,4,11c,31,12,0,0,,,
3,4,12,55,16,0,0,,,
3,4,13,61,16,0,0,,,
3,4,14,84,12,0,0,,,
3,4,15,61,13,0,0,,,
3,4,16,85,14,0,0,,,
3,4,17,84,12,0,0,,,
3,4,18,85,16,0,0,,,
3,4,19,84,12,0,0,,,
3,4,20,61,20,0,0,,,
3,4,21,39,14,0,0,,,
3,4,22,52,24,0,0,,,
3,4,23,61,25,0,0,,,
3,4,24,39,14,0,0,,,
3,4,25,39,14,0,0,,,
3,4,26,31,16,0,0,,,
3,4,27,111,36,0,0,,,
3,4,28,61,32,0,0,,,
3,4,29,18,32,0,0,,,
3,4,30,18,22,0,0,,,
3,4,31,39,38,0,0,,,
3,4,32a,54,17,0,0,,,
3,4,32b,54,19,0,0,,,
3,4,33,111,31,0,0,,,
3,4,34,18,26,0,0,,,
3,4,35,18,13,0,0,,,
3,4,36,18,19,0,0,,,
3,4,37,65,19,0,0,,,
3,4,38,55,14,0,0,,,
3,4,39,18,22,0,0,,,
3,4,40,61,30,0,0,,,
3,4,41,31,16,0,0,,,
3,4,42,61,16,0,0,,,
3,4,43,39,11,0,0,,,
3,4,44,81,24,0,0,,,
3,4,45,83,12,0,0,,,
3,4,46,65,16,0,0,,,
3,4,47,31,17,0,0,,,
3,4,48,54,32,0,0,,,
3,4,49,85,27,0,0,,,
3,4,50,84,34,0,0,,,
3,4,51,39,11,0,0,,,
3,4,52,85,12,0,0,,,
3,4,53,18,20,0,0,,,
3,5,1,61,42,0,1,,,
3,5,2,61,30,1,0,,,
3,5,3,52,57,0,0,,,
3,5,4,94,25,0,0,,,
3,5,5,71,42,0,1,,,
3,5,6,54,24,0,0,,,
3,5,7,61,33,0,0,,,
3,5,8,18,16,0,0,,,
3,5,9,39,14,0,0,,,
3,5,10,111,25,0,0,,,
3,5,11,111,28,0,0,,,
3,5,12,71,22,0,0,,,
3,5,13,71,21,0,0,,,
3,5,14,71,24,0,0,,,
3,5,15,111,32,0,0,,,
3,5,16,18,30,0,0,,,
3,5,17,61,23,0,0,,,
3,5,18,61,32,0,0,,,
3,5,19,55,22,0,0,,,
3,5,20,85,15,0,0,,,
3,6,1a,18,14,0,0,,,
3,6,1b,18,13,0,0,,,
3,6,1c,18,12,0,0,,,
3,6,2,61,19,0,0,,,
3,6,3,18,14,1,0,,,
3,6,4,18,21,0,0,,,
3,6,5,18,17,0,0,,,
3,6,6,18,10,0,0,,,
3,6,7,18,19,0,0,,,
3,6,8,61,21,0,0,,,
3,6,9,61,20,0,0,,,
3,6,10,18,14,0,0,,,
3,6,11,61,28,0,0,,,
3,6,12,84,22,0,0,,,
3,6,13,61,23,0,0,,,
3,6,14,61,21,0,0,,,
3,6,15,18,14,0,0,,,
3,6,16,84,14,0,0,,,
3,6,17,18,10,0,0,,,
3,6,18,18,18,0,0,,,
3,6,19,18,15,0,0,,,
3,6,20,84,12,0,0,,,
3,6,21,84,13,0,0,,,
3,6,22,61,23,0,0,,,
3,6,23,18,13,0,0,,,
3,6,24,18,16,0,0,,,
3,6,25,18,14,0,0,,,
3,6,26,61,11,0,0,,,
3,6,27,52,16,0,0,,,
3,6,28,18,37,0,0,,,
3,6,29,61,12,0,0,,,
3,6,30,18,16,0,0,,,
3,6,31,61,21,0,0,,,
3,6,31,61,13,0,0,,,
3,6,32,18,21,0,0,,,
3,6,33,55,29,0,0,,,
3,6,34,18,17,0,0,,,
3,6,35,18,19,0,0,,,
3,6,36,18,12,0,0,,,
3,6,37,18,11,0,0,,,
3,6,38,61,15,0,0,,,
3,6,39,18,19,0,0,,,
3,6,40,18,13,0,0,,,
3,6,41,18,13,0,0,,,
3,6,42,61,12,0,0,,,
3,6,43,61,34,0,0,,,
3,6,44,18,13,0,0,,,
3,6,45,55,17,0,0,,,
3,6,46,55,21,0,0,,,
3,6,47,18,29,0,0,,,
3,6,48,61,24,0,0,,,
3,6,49,61,16,0,0,,,
3,6,50,18,16,0,0,,,
3,6,51,61,24,0,0,,,
3,6,52a,18,11,0,0,,,
3,6,52b,18,13,0,0,,,
3,6,53,84,15,0,0,,,
3,7,1,111,24,1,0,,,
3,7,2,52,53,0,0,,,
3,7,3,81,12,0,0,,,
3,7,4,61,14,0,0,,,
3,7,5,18,12,0,0,,,
3,7,6,86,10,0,0,,,
3,7,7,84,12,0,0,,,
3,7,8,61,12,0,0,,,
3,7,9a,18,12,0,0,,,
3,7,9b,18,12,0,0,,,
3,7,10,61,11,0,0,,,
3,7,11,18,14,0,0,,,
3,7,12,52,22,0,0,,,
3,7,13,111,20,0,1,,,
3,7,14,52,52,0,0,,,
3,7,15,18,22,0,0,,,
3,7,16,61,28,0,0,,,
3,7,17,18,11,0,0,,,
3,7,18a,18,22,0,0,,,
3,7,18b,18,11,0,0,,,
3,7,18c,18,16,0,0,,,
3,7,18d,18,14,0,0,,,
3,7,19,18,16,0,0,,,
3,7,20,18,23,0,0,,,
3,7,21,18,17,0,0,,,
3,7,22,18,28,0,0,,,
3,7,23,61,20,0,0,,,
3,7,24,18,11,0,0,,,
3,7,25,52,17,0,0,,,
3,7,26,61,16,0,0,,,
3,7,27,52,19,0,0,,,
3,7,28,52,55,0,0,,,
3,7,29,111,18,0,0,,,
3,7,30,61,19,0,0,,,
3,7,31,61,23,0,0,,,
3,7,32,52,19,0,0,,,
3,7,33,52,30,0,0,,,
3,7,34,61,45,0,0,,,
3,7,35,52,28,0,0,,,
3,7,36,22,50,0,0,,,
3,7,37,18,16,0,0,,,
3,7,38,52,33,0,0,,,
3,7,39,18,13,0,0,,,
3,7,40,18,18,0,0,,,
3,7,41,61,28,0,0,,,
3,7,42,52,36,0,0,,,
3,7,43,61,26,0,0,,,
3,7,44,18,20,0,0,,,
3,7,45,61,19,0,0,,,
3,8,1,87,30,0,0,,,
3,8,2,87,22,0,0,,,
3,8,3,87,24,0,0,,,
3,8,4,111,30,0,0,,,
3,8,5,61,36,0,1,,,
3,8,6,87,24,0,0,,,
3,8,7,85,11,0,0,,,
3,8,8,61,10,0,0,,,
3,8,9,18,13,0,0,,,
3,8,10,71,16,0,0,,,
3,8,11,111,48,0,0,,,
3,8,12,85,12,0,0,,,
3,8,13,61,15,0,0,,,
3,8,14a,71,15,0,0,,,
3,8,14b,71,14,0,0,,,
3,8,14c,71,12,0,0,,,
3,8,15,71,16,0,0,,,
3,8,16,71,11,0,0,,,
3,8,17,102,21,0,0,,,
3,8,18,85,28,0,0,,,
3,8,19,71,18,0,0,,,
3,8,20a,102,14,0,0,,,
3,8,20b,102,20,0,0,,,
3,8,20c,102,13,0,0,,,
3,8,21,102,15,0,0,,,
3,8,22,71,12,0,0,,,
3,8,23,55,14,0,0,,,
3,8,24,18,11,0,0,,,
3,8,25,10,13,0,0,,,
3,8,26,85,16,0,0,,,
3,8,27,61,20,0,0,,,
3,8,28,18,16,0,0,,,
3,8,29,18,12,0,0,,,
3,8,30,18,13,0,0,,,
3,8,31,18,11,0,0,,,
3,8,32,18,17,0,0,,,
3,8,33,18,13,0,0,,,
3,8,34,10,18,0,0,,,
3,8,35,111,12,0,0,,,
3,8,36,10,13,0,0,,,
3,8,37,18,14,0,0,,,
3,8,38,100,12,0,0,,,
3,8,39,100,11,0,1,,,
3,9,1,61,12,0,0,,,
3,9,2,39,11,0,0,,,
3,9,3,90,36,0,0,,,
3,9,4,71,23,0,0,,,
3,9,5,81,30,0,0,,,
3,9,6,61,50,0,0,,,
3,9,7,111,33,0,0,,,
3,9,8,55,42,0,0,,,
3,9,9,61,11,0,0,,,
3,9,10,71,12,0,0,,,
3,9,11,18,13,0,0,,,
3,9,12,71,12,0,0,,,
3,9,13,102,10,0,0,,,
3,9,14,55,67,0,0,,,
3,9,15,61,12,0,0,,,
3,9,16a,111,13,0,0,,,
3,9,16b,111,14,0,0,,,
3,9,16c,111,14,0,0,,,
3,9,16d,111,13,0,0,,,
3,9,17,85,15,0,0,,,
3,9,18,55,24,0,0,,,
3,9,19,85,12,0,0,,,
3,9,20,61,38,0,0,,,
3,9,21,61,20,0,0,,,
3,9,22,18,16,0,0,,,
3,9,23,18,12,0,1,,,
3,9,24,18,13,0,0,,,
3,9,25,18,11,0,1,,,
3,9,26,18,17,0,0,,,
3,9,27,18,13,0,0,,,
3,9,28,10,18,0,0,,,
3,9,29,111,12,0,0,,,
3,9,30,10,13,0,0,,,
3,9,31,18,14,0,0,,,
3,9,32,100,12,0,0,,,
3,9,33,100,11,0,0,,,
3,9,34,61,20,0,0,,,
3,9,35,86,14,0,0,,,
3,9,36,100,12,0,0,,,
3,9,37,22,13,0,0,,,
3,9,38,52,19,0,0,,,
3,9,39,18,14,0,0,,,
3,9,40,61,23,0,0,,,
3,9,41,41,15,0,0,,,
3,9,42,18,15,0,0,,,
3,9,43,61,10,0,0,,,
3,10,1,18,34,0,0,,,
3,10,2,61,15,0,0,,,
3,10,3,52,13,0,0,,,
3,10,4,61,14,0,0,,,
3,10,5,39,12,0,0,,,
3,10,6,100,12,0,0,,,
3,10,7,100,12,0,0,,,
3,10,8,100,17,0,0,,,
3,10,9,100,17,0,0,,,
3,10,10,61,42,0,0,,,
3,10,11,18,15,0,0,,,
3,10,12,52,16,0,0,,,
3,10,13,52,18,0,0,,,
3,10,14,61,24,0,0,,,
3,10,15,22,16,0,0,,,
3,10,16,52,16,0,0,,,
3,10,17,52,19,0,0,,,
3,10,18a,86,25,0,0,,,
3,10,18b,86,12,0,0,,,
3,10,18c,86,23,0,0,,,
3,10,19,61,18,0,0,,,
3,10,20a,52,11,0,0,,,
3,10,20b,18,20,0,0,,,
3,10,20c,18,14,0,0,,,
3,10,20d,18,25,0,0,,,
3,10,21,61,11,0,0,,,
3,10,22,61,15,0,0,,,
3,10,23,61,13,0,0,,,
3,10,24,61,11,0,0,,,
3,10,25,52,15,0,0,,,
3,10,26,39,16,0,0,,,
3,10,27a,18,14,0,0,,,
3,10,27b,18,13,0,0,,,
3,10,28,39,34,0,0,,,
3,10,29,18,11,0,0,,,
3,10,30,39,11,0,0,,,
3,10,31,18,20,0,0,,,
3,10,32,18,22,0,0,,,
3,10,33,39,12,0,0,,,
3,10,34,39,13,0,0,,,
3,10,35,39,28,0,0,,,
3,10,36,18,10,0,0,,,
3,10,37,52,18,0,0,,,
3,10,38,52,14,0,0,,,
3,10,39,100,11,0,0,,,
3,10,40,61,28,0,0,,,
3,10,41,92,22,0,0,,,
3,10,42,61,21,0,0,,,
3,10,43,18,15,0,0,,,
4,1,1,61,16,0,0,,,
4,1,2,100,11,0,0,,,
4,1,3,100,14,0,0,,,
4,1,4,100,15,0,0,,,
4,1,5,39,14,0,0,,,
4,1,6,61,19,0,0,,,
4,1,7,61,12,0,0,,,
4,1,8,18,20,0,0,,,
4,1,9,18,12,0,0,,,
4,1,10,61,15,0,0,,,
4,1,25,61,20,0,0,,,
4,1,26,86,14,0,0,,,
4,1,27,100,12,0,0,,,
4,1,28,22,13,0,0,,,
4,1,29,52,19,0,0,,,
4,1,30,18,14,0,0,,,
4,1,31,61,23,0,0,,,
4,1,32,41,15,0,0,,,
4,1,33,18,15,0,0,,,
4,1,34,61,10,0,0,,,
4,2,1,55,19,0,0,,,
4,2,2,55,13,0,0,,,
4,2,3,55,19,0,0,,,
4,2,4,71,12,0,0,,,
4,2,5,55,12,0,0,,,
4,2,6,55,12,0,0,,,
4,2,7,10,25,0,0,,,
4,2,8,10,28,0,0,,,
4,2,9,55,15,0,0,,,
4,2,10,85,11,0,0,,,
4,2,11,87,23,0,0,,,
4,2,12,55,11,0,1,,,
4,2,13a,71,15,0,0,,,
4,2,13b,71,16,0,0,,,
4,2,13c,71,11,0,1,,,
4,2,14,55,16,0,0,,,
4,2,15,55,14,0,0,,,
4,2,16,55,13,0,0,,,
4,2,17,18,11,0,0,,,
4,2,18,18,15,0,0,,,
4,2,19,18,16,0,0,,,
4,2,20,111,10,0,1,,,
4,2,21,65,32,0,0,,,
4,2,22,65,25,0,0,,,
4,2,23,111,11,0,0,,,
4,2,24,111,11,0,0,,,
4,2,25,111,12,0,0,,,
4,2,26,111,13,0,0,,,
4,2,27,87,48,0,0,,,
4,2,28,111,16,0,0,,,
4,2,29,111,17,0,0,,,
4,2,30,87,39,0,0,,,
4,2,31,71,11,0,0,,,
4,2,32,111,11,0,0,,,
4,2,33,87,51,0,0,,,
4,2,34,22,12,0,0,,,
4,3,1,61,24,0,0,,,
4,3,2,71,10,0,0,,,
4,3,3,54,10,0,0,,,
4,3,4,54,12,0,0,,,
4,3,5,52,55,0,0,,,
4,3,6,52,14,0,0,,,
4,3,7,52,15,0,0,,,
4,3,8a,55,10,0,0,,,
4,3,8b,55,11,0,0,,,
4,3,8c,55,13,0,0,,,
4,3,9,55,14,0,0,,,
4,3,10,55,11,0,0,,,
4,3,11,55,16,0,0,,,
4,3,12,55,11,0,0,,,
4,3,13,55,10,0,0,,,
4,3,14,55,13,0,0,,,
4,3,15,55,13,0,0,,,
4,3,16,61,12,0,0,,,
4,3,17,71,27,0,0,,,
4,3,18,52,16,0,0,,,
4,3,19,55,14,0,0,,,
4,3,20,18,12,0,0,,,
4,3,21,71,13,0,0,,,
4,3,22,52,12,0,0,,,
4,3,23,1,12,0,0,,,
4,3,24,84,21,0,0,,,
4,3,25,71,17,0,0,,,
4,3,26,71,12,0,0,,,
4,3,27,58,19,0,0,,,
4,3,28,61,11,0,0,,,
4,3,29,58,11,0,0,,,
4,4,1,52,20,0,0,,,
4,4,2,61,18,0,0,,,
4,4,3,84,12,0,0,,,
4,4,4,84,14,0,0,,,
4,4,5,84,18,0,0,,,
4,4,6,84,16,0,0,,,
4,4,7,52,22,0,0,,,
4,4,8,18,14,0,0,,,
4,4,9,1,20,0,0,,,
4,4,10,1,11,0,0,,,
4,4,11,71,12,0,0,,,
4,4,12,61,19,0,0,,,
4,4,13,52,11,0,0,,,
4,4,14,52,129,0,0,,,
4,4,15,54,11,0,0,,,
4,4,16,22,13,0,0,,,
4,4,17,18,13,0,0,,,
4,4,18,71,16,0,0,,,
4,4,19,71,11,0,0,,,
4,4,20,71,13,0,0,,,
4,4,21,52,11,0,0,,,
4,4,22,52,11,0,0,,,
4,4,23,55,11,0,0,,,
4,4,24,52,65,0,0,,,
4,4,25,71,23,0,0,,,
4,4,26,52,13,0,0,,,
4,4,27,52,40,0,0,,,
4,4,28,10,14,0,0,,,
4,4,29,55,24,0,0,,,
4,4,30,55,13,0,0,,,
4,5,1,87,42,0,0,,,
4,5,2,87,40,0,0,,,
4,5,3,87,19,0,0,,,
4,5,4,1,12,0,0,,,
4,5,5,87,20,0,0,,,
4,5,6,87,51,0,0,,,
4,5,7,87,14,0,0,,,
4,5,8,55,13,0,0,,,
4,5,9,71,10,0,0,,,
4,6,1,61,32,0,0,,,
4,6,2,71,18,0,0,,,
4,6,3,55,10,0,0,,,
4,6,4a,81,10,0,0,,,
4,6,4b,81,16,0,0,,,
4,6,4c,81,20,0,0,,,
4,6,4d,81,22,0,0,,,
4,6,5,71,10,0,0,,,
4,6,6,81,22,0,0,,,
4,6,7,81,12,0,0,,,
4,6,8,81,25,0,0,,,
4,6,9,55,15,0,0,,,
4,6,10,55,13,0,0,,,
4,6,11,61,26,0,0,,,
4,6,12,71,11,0,0,,,
4,6,13,87,25,0,0,,,
4,6,14a,87,20,0,0,,,
4,6,14b,87,13,0,0,,,
4,6,15,87,10,0,0,,,
4,6,16,85,12,0,0,,,
4,6,17,71,20,0,0,,,
4,6,18,71,10,0,0,,,
4,6,19,71,12,0,0,,,
4,7,1,58,24,0,0,,,
4,7,2,58,30,0,0,,,
4,7,3,98,19,0,0,,,
4,7,4,98,20,0,0,,,
4,7,5,98,21,0,0,,,
4,7,6a,98,22,0,0,,,
4,7,6b,98,20,0,0,,,
4,7,7,98,21,0,0,,,
4,7,8,98,27,0,0,,,
4,7,9,98,15,0,0,,,
4,7,10a,98,16,0,0,,,
4,7,10b,98,11,0,0,,,
4,7,11,98,21,0,0,,,
4,7,12,98,22,0,0,,,
4,8,1,87,31,0,0,,,
4,8,2a,87,13,0,0,,,
4,8,2b,87,12,0,0,,,
4,8,2c,87,24,0,0,,,
4,8,3,87,13,0,0,,,
4,8,4a,87,15,0,0,,,
4,8,4b,87,16,0,0,,,
4,8,5,87,33,0,0,,,
4,8,6,87,20,0,0,,,
4,8,7a,87,12,0,0,,,
4,8,7b,87,13,0,0,,,
4,8,8a,87,11,0,0,,,
4,8,8b,87,16,0,0,,,
4,8,8c,87,14,0,0,,,
4,8,8d,87,16,0,0,,,
4,8,8e,87,15,0,0,,,
4,8,9,87,18,0,0,,,
4,8,10,87,12,0,0,,,
4,8,11,87,11,0,0,,,
4,8,12,87,22,0,0,,,
4,8,13,87,23,0,0,,,
4,8,14,87,11,0,0,,,
4,8,15,87,15,0,0,,,
4,8,16,87,15,0,0,,,
4,9,1a,71,13,0,0,,,
4,9,1b,71,17,0,0,,,
4,9,2,54,19,0,0,,,
4,9,3,87,24,0,0,,,
4,9,4,71,12,0,0,,,
4,9,5,55,20,0,0,,,
4,9,6,55,21,0,0,,,
4,9,7a,55,11,0,0,,,
4,9,7b,55,11,0,0,,,
4,9,7c,55,32,0,0,,,
4,9,8,55,13,0,0,,,
4,9,9,55,12,0,0,,,
4,9,10,55,17,0,0,,,
4,9,11,55,14,0,0,,,
4,9,12,71,20,0,0,,,
4,9,13,71,10,0,0,,,
4,9,14,71,10,0,0,,,
4,9,15,71,11,0,0,,,
4,9,16,87,11,0,0,,,
4,9,17,87,20,0,0,,,
4,9,18,71,10,0,0,,,
4,9,19,87,22,0,0,,,
4,9,20,71,21,0,0,,,
4,9,21,87,12,0,0,,,
4,9,22,87,28,0,0,,,
4,9,23,55,27,0,0,,,
4,9,24,111,23,0,0,,,
4,9,25,87,10,0,0,,,
4,9,26,71,36,0,0,,,
4,9,27,55,14,0,0,,,
4,9,28,55,11,0,0,,,
4,9,29,49,13,0,0,,,
4,9,30,87,12,0,0,,,
4,9,31,104,19,0,0,,,
4,9,32,87,14,0,0,,,
4,9,33,87,13,0,0,,,
4,9,34,87,20,0,0,,,
4,9,35,87,18,0,0,,,
4,9,36,87,22,0,0,,,
4,9,37,55,12,0,0,,,
4,9,38,55,12,0,0,,,
4,9,39,87,16,0,0,,,
4,9,40,61,12,0,0,,,
4,9,41,55,13,0,0,,,
4,9,42,55,13,0,0,,,
4,9,43,55,12,0,0,,,
4,9,44,61,12,0,0,,,
4,9,45,87,27,0,0,,,
4,9,46,55,14,0,0,,,
4,9,47,55,13,0,0,,,
4,9,48,52,12,0,0,,,
4,9,49,18,14,0,0,,,
4,10,1,71,19,0,0,,,
4,10,2,87,14,0,0,,,
4,10,3,87,10,0,0,,,
4,10,4,55,24,0,0,,,
4,10,5,87,14,0,0,,,
4,10,6a,87,25,0,0,,,
4,10,6b,87,26,0,0,,,
4,10,7,87,61,0,0,,,
4,10,8,87,12,0,0,,,
4,10,9a,87,12,0,0,,,
4,10,9b,87,41,0,0,,,
4,10,9c,87,38,0,0,,,
4,10,10,87,55,0,0,,,
4,10,11,87,29,0,0,,,
4,10,12,87,66,0,0,,,
4,10,13,87,27,0,0,,,
4,10,14,87,36,0,0,,,
4,10,15,55,26,0,0,,,
4,10,16,55,17,0,0,,,
4,10,17,71,19,0,0,,,
4,10,18,55,18,0,0,,,
4,10,19,71,27,0,0,,,
4,10,20,55,20,0,0,,,
4,10,21,87,40,0,0,,,
4,10,22,87,19,0,0,,,
4,10,23a,87,10,0,0,,,
4,10,23b,87,39,0,0,,,
4,10,24,87,11,0,0,,,
4,10,25,87,14,0,0,,,
8,1,1,55,24,0,0,,,
8,1,2,55,16,0,0,,,
8,1,3,55,18,0,0,,,
8,1,4,55,16,0,0,,,
8,1,5,71,17,0,0,,,
8,1,6,55,11,0,0,,,
8,1,7,18,30,0,0,,,
8,1,8,71,22,0,0,,,
8,1,9,55,20,0,0,,,
8,1,10,55,16,0,0,,,
8,1,11,71,16,0,1,,,
8,1,12,87,71,0,0,,,
8,1,13,87,12,0,0,,,
8,1,14,71,21,0,0,,,
8,1,15,87,12,0,0,,,
8,1,16A,87,44,0,0,,,
8,1,16B,71,18,0,1,,,
8,1,16C,55,13,0,0,,,
8,1,17,55,16,0,0,,,
8,1,18,55,12,0,0,,,
8,1,19,55,11,0,0,,,
8,1,20,55,13,0,0,,,
8,1,21a,55,11,0,0,,,
8,1,21b,55,19,0,0,,,
8,1,22,61,20,0,0,,,
8,1,23,18,12,0,0,,,
8,1,24,55,12,0,0,,,
8,1,25,71,29,0,0,,,
8,1,26,55,13,0,0,,,
8,1,27,55,13,0,0,,,
8,1,28,81,11,0,1,,,
8,1,29,55,22,0,0,,,
8,1,30,55,20,0,0,,,
8,1,31,71,30,1,0,,,
8,1,32,111,21,0,0,,,
8,2,1a,87,15,0,0,,,
8,2,1b,87,15,0,0,,,
8,2,2,87,16,0,0,,,
8,2,3,87,40,0,0,,,
8,2,4a,87,21,0,0,,,
8,2,4b,87,24,0,0,,,
8,2,5,87,12,0,0,,,
8,2,6,87,19,0,0,,,
8,2,7,87,14,0,0,,,
8,2,8a,87,11,0,0,,,
8,2,8b,87,11,0,0,,,
8,2,9,87,15,0,0,,,
8,2,10a,87,26,0,0,,,
8,2,10b,87,16,0,0,,,
8,2,11,87,11,0,0,,,
8,2,12,87,11,0,0,,,
8,2,13,87,24,0,0,,,
8,2,14,87,20,0,0,,,
8,2,15,87,12,0,0,,,
8,2,16,87,24,0,0,,,
8,2,17,87,18,0,0,,,
8,2,18a,87,13,0,0,,,
8,2,18b,87,18,0,0,,,
8,2,18c,87,22,0,0,,,
8,2,19,87,24,0,0,,,
8,2,20,87,30,0,0,,,
8,2,21,87,14,0,0,,,
8,2,22,87,25,0,0,,,
8,2,23,87,11,0,0,,,
8,2,24,87,18,0,0,,,
8,2,25,87,18,0,1,,,
8,2,26,87,20,0,0,,,
8,2,27a,87,18,0,0,,,
8,2,27b,87,19,0,0,,,
8,2,28,87,24,0,0,,,
8,2,29,87,23,0,0,,,
8,2,30a,87,20,0,0,,,
8,2,30b,87,15,0,0,,,
8,2,31,87,20,0,0,,,
8,2,32,87,30,0,0,,,
8,2,33,87,12,0,0,,,
8,2,34,87,21,0,0,,,
8,2,35,87,11,0,0,,,
8,2,36,87,19,0,0,,,
8,2,37,87,19,0,0,,,
8,2,38,87,23,0,0,,,
8,2,39,87,16,0,0,,,
8,2,40a,87,20,0,0,,,
8,2,40b,87,11,0,0,,,
8,2,55,87,17,0,0,,,
8,2,41,87,26,0,0,,,
8,2,42,87,18,0,0,,,
8,2,43,87,21,0,0,,,
8,2,44,87,14,0,0,,,
8,2,45,87,20,0,0,,,
8,2,46,87,13,0,0,,,
8,2,47,87,55,0,0,,,
8,2,48,87,14,0,0,,,
8,2,49,87,18,0,0,,,
8,2,50,71,23,0,0,,,
8,2,51a,87,15,0,0,,,
8,2,51b,87,12,0,0,,,
8,2,51c,87,19,0,0,,,
8,2,52,71,24,0,0,,,
8,2,53,87,30,0,0,,,
8,2,54a,87,27,0,0,,,
8,2,54b,87,23,0,0,,,
8,2,54c,87,15,0,0,,,
8,5,1,87,16,0,0,,,
8,5,2,87,20,0,0,,,
8,6,1,85,14,0,0,,,
8,6,2,55,13,0,0,,,
8,6,3,55,13,0,0,,,
8,6,4,55,33,0,0,,,
8,6,5,24,13,0,0,,,
8,6,6,102,20,0,0,,,
8,6,7a,54,26,0,0,,,
8,6,7b,54,31,0,0,,,
8,6,8,111,16,0,0,,,
8,6,9,55,29,0,0,,,
8,6,10,61,14,0,0,,,
8,6,11,52,11,0,0,,,
8,6,12,85,11,0,0,,,
8,6,13,55,24,0,0,,,
8,6,14,87,20,0,0,,,
8,6,15,61,23,0,0,,,
8,6,16,61,10,0,0,,,
8,6,17,66,11,0,0,,,
8,6,18,61,23,0,0,,,
8,6,19,61,12,0,0,,,
8,6,20,61,22,0,1,,,
8,6,21,61,17,0,1,,,
8,6,22,90,13,0,0,,,
8,6,23,61,18,0,0,,,
8,6,24,66,18,0,0,,,
8,6,25,66,17,0,0,,,
8,6,26,102,16,0,0,,,
8,6,27,102,17,0,0,,,
8,6,28,111,19,0,0,,,
8,6,29,102,69,0,0,,,
8,6,30,71,38,0,0,,,
8,6,31,66,12,0,0,,,
8,7,1a,87,14,0,0,,,
8,7,1b,87,34,0,0,,,
8,7,1c,87,42,0,0,,,
8,7,2,87,44,0,0,,,
8,7,3,87,40,0,0,,,
8,7,4a,87,31,0,0,,,
8,7,4b,87,30,0,0,,,
8,7,4c,87,22,0,0,,,
8,7,5,87,31,0,0,,,
8,7,6,87,39,0,0,,,
8,7,7,87,20,0,0,,,
8,7,8,87,26,0,0,,,
8,7,9,87,14,0,0,,,
8,7,10,87,23,0,0,,,
8,7,11,71,25,0,0,,,
8,7,12,87,26,0,0,,,
8,7,13,87,15,0,0,,,
8,7,14,87,39,0,0,,,
8,7,15,71,30,0,0,,,
8,7,16,87,15,0,0,,,
8,7,17,87,33,0,0,,,
8,7,18a,87,21,0,0,,,
8,7,18b,87,11,0,0,,,
8,7,18c,87,14,0,0,,,
8,7,18d,87,13,0,0,,,
8,7,19,55,29,0,0,,,
8,7,20,87,42,0,0,,,
8,7,21,87,15,0,0,,,
8,7,22,87,12,0,0,,,
8,7,23a,87,15,0,0,,,
8,7,23b,87,17,0,0,,,
8,7,23c,87,25,0,0,,,
8,7,24,55,24,0,0,,,
8,7,25,87,28,0,0,,,
8,7,26a,87,26,0,0,,,
8,7,26b,87,43,0,0,,,
8,7,27a,87,38,0,0,,,
8,7,27b,87,26,0,0,,,
8,8,1,87,22,0,0,,,
8,8,2,87,12,0,0,,,
8,8,3,87,12,0,0,,,
8,8,4,87,14,0,0,,,
8,8,5,87,13,0,0,,,
8,8,6,87,11,0,0,,,
8,8,7,87,12,0,0,,,
8,8,8,71,40,0,0,,,
8,8,9,87,11,0,0,,,
8,8,10,87,14,0,0,,,
8,8,11,87,15,0,0,,,
8,8,12,87,16,0,0,,,
8,8,13,87,15,0,0,,,
8,8,14,87,11,0,0,,,
8,8,15,87,11,0,0,,,
8,8,16,87,11,0,0,,,
8,8,17,87,16,0,0,,,
8,8,18,87,18,0,0,,,
8,8,19a,87,10,0,0,,,
8,8,19b,87,23,0,0,,,
8,8,20,87,16,0,0,,,
8,8,21,87,16,0,0,,,
8,8,22a,87,16,0,0,,,
8,8,22b,87,12,0,0,,,
8,8,23a,87,20,0,0,,,
8,8,23b,87,14,0,0,,,
8,8,24,87,16,0,0,,,
8,8,25,87,16,0,0,,,
8,8,25,87,12,0,0,,,
8,8,26,87,11,0,0,,,
8,8,27,87,13,0,0,,,
8,8,28,87,13,0,0,,,
8,8,29,87,20,0,0,,,
8,8,30,87,16,0,0,,,
8,8,31,87,13,0,0,,,
8,8,32,87,20,0,0,,,
8,8,33,87,11,0,0,,,
8,8,34,87,16,0,0,,,
8,8,35,87,16,0,0,,,
8,8,36,87,16,0,0,,,
8,8,37,87,14,0,0,,,
8,8,38,87,14,0,0,,,
8,8,39,87,14,0,0,,,
8,8,40,87,16,0,0,,,
8,8,41,87,18,0,0,,,
8,8,42,87,14,0,0,,,
8,8,43,87,15,0,0,,,
8,8,44,87,38,0,0,,,
8,8,45,87,14,0,0,,,
8,8,46,87,15,0,0,,,
8,8,47,87,18,0,0,,,
8,8,48,87,12,0,0,,,
8,8,49,87,35,0,0,,,
8,8,50,87,33,0,0,,,
8,8,51,87,14,0,0,,,
8,8,52,87,12,0,0,,,
8,8,53,87,11,0,0,,,
8,8,54,87,12,0,0,,,
8,8,55,87,11,0,0,,,
8,8,56,87,11,0,0,,,
8,8,57,87,11,0,0,,,
8,8,58a,87,14,0,0,,,
8,8,58b,87,24,0,0,,,
8,8,58c,87,25,0,0,,,
8,8,59,87,19,0,0,,,
8,8,60,87,12,0,0,,,
8,8,61,87,11,0,0,,,
8,9,1a,87,34,0,0,,,
8,9,1b,87,24,0,0,,,
8,9,2a,71,29,0,0,,,
8,9,2b,71,28,0,0,,,
8,9,3,87,20,0,0,,,
8,9,4,87,15,0,0,,,
8,10,1a,87,23,0,0,,,
8,10,1b,71,21,0,0,,,
8,10,1c,71,19,0,0,,,
8,10,2a,71,13,0,0,,,
8,10,2b,87,23,0,0,,,
8,10,3,87,46,0,0,,,
8,10,4,87,37,0,1,,,
8,10,5,87,34,0,0,,,
8,10,6,71,20,0,0,,,
8,10,7,87,22,0,0,,,
8,10,8,87,36,0,1,,,
8,10,9,87,17,0,1,,,
8,10,10a,87,13,0,1,,,
8,10,10b,87,11,0,1,,,
8,10,10c,87,13,0,0,,,
8,10,11,87,16,0,0,,,
8,10,12,71,44,0,0,,,
8,10,13,87,26,0,0,,,
8,10,14,87,36,0,1,,,
8,10,15,87,34,0,1,,,
8,11,1,71,11,0,0,,,
8,11,2,71,11,0,0,,,
8,11,3,104,13,0,0,,,
8,11,4,87,48,0,0,,,
8,11,5,55,11,0,0,,,
8,11,6,71,12,0,0,,,
8,11,7,55,13,0,0,,,
8,11,8,55,11,0,0,,,
8,11,9,55,10,0,0,,,
8,11,10,71,19,0,0,,,
8,11,11,55,10,0,0,,,
8,11,12,55,11,0,0,,,
8,11,13,55,12,0,0,,,
8,11,14,85,11,0,0,,,
8,11,15,87,17,0,0,,,
8,11,16a,87,24,0,0,,,
8,11,16b,55,18,0,0,,,
8,11,16c,55,10,0,0,,,
8,11,16d,55,13,0,0,,,
8,11,16e,55,11,0,0,,,
8,12,1a,22,17,0,0,,,
8,12,1b,85,17,0,0,,,
8,12,2,85,20,0,0,,,
8,12,3,55,18,0,0,,,
8,12,4,87,58,0,0,,,
8,12,5,87,52,0,0,,,
8,12,6,66,20,0,0,,,
8,12,7,90,11,0,0,,,
8,12,8,71,28,0,0,,,
8,12,9,61,21,0,0,,,
8,12,10,61,23,0,0,,,
8,12,11,111,23,0,0,,,
8,12,12,111,12,0,0,,,
8,12,13,71,12,0,0,,,
8,12,14,71,16,0,0,,,
8,12,15,61,15,0,0,,,
8,12,16a,61,13,0,0,,,
8,12,16b,61,12,0,0,,,
8,12,17,18,14,0,0,,,
8,12,18,61,17,0,0,,,
8,12,19,52,41,0,0,,,
8,12,20,71,21,0,0,,,
8,12,21,18,13,0,0,,,
8,12,22,87,11,0,0,,,
8,12,23,52,66,0,0,,,
8,12,24,52,44,0,0,,,
8,12,25,71,21,0,0,,,
8,12,26,66,14,0,0,,,
8,12,27,66,13,0,0,,,
8,12,28,71,22,0,0,,,
8,12,29,71,29,0,0,,,
8,12,30,71,55,0,0,,,
8,12,31,71,14,0,0,,,
8,12,32,61,29,0,0,,,
8,12,33,66,18,0,0,,,
1,1,1,61,33,0,0,,,
1,1,2,22,42,0,0,,,
1,1,3,39,12,0,0,,,
1,1,4,61,20,0,0,,,
1,1,5,61,14,0,0,,,
1,1,6,85,30,0,0,,,
1,1,7,61,12,0,0,,,
1,1,8,22,26,0,0,,,
1,1,9,22,26,0,0,,,
1,1,10,61,18,0,0,,,
1,1,11,18,16,0,0,,,
1,1,12,61,18,0,1,,,
1,1,13,18,16,0,0,,,
1,1,14,18,19,0,0,,,
1,1,15,18,17,0,0,,,
1,1,16,61,11,0,0,,,
1,1,17,61,12,0,0,,,
1,1,18,61,13,0,0,,,
1,1,19,18,14,0,0,,,
1,1,20,61,11,0,0,,,
1,1,21,61,24,0,0,,,
1,1,22,39,33,0,0,,,
1,1,23,31,12,0,0,,,
1,1,24,39,17,0,0,,,
1,1,25,61,24,0,0,,,
1,1,26,39,23,0,0,,,
1,1,27,39,46,0,0,,,
1,1,28,39,10,0,0,,,
1,1,29,98,16,0,0,,,
1,1,29,89,17,0,0,,,
1,1,30,97,14,0,0,,,
1,1,31,96,22,0,0,,,
1,1,32,61,28,0,0,,,
1,2,1,18,18,0,0,,,
1,2,2,39,21,0,0,,,
1,2,3,39,16,0,0,,,
1,2,4,39,24,0,0,,,
1,2,5,39,14,0,0,,,
1,2,6,39,12,0,0,,,
1,2,7,84,24,0,0,,,
1,2,8,84,10,0,0,,,
1,2,9,61,13,0,0,,,
1,2,10,61,12,0,0,,,
1,2,11,18,20,0,1,,,
1,2,12,111,18,0,0,,,
1,2,13,61,20,0,0,,,
1,2,14,90,15,0,0,,,
1,2,15,39,17,0,0,,,
1,2,16,31,20,0,0,,,
1,2,17,31,12,0,0,,,
1,2,18,61,11,0,0,,,
1,2,19,61,22,0,0,,,
1,2,20,61,14,0,0,,,
1,2,21a,100,27,0,0,,,
1,2,21b,100,16,0,0,,,
1,2,22,39,21,0,0,,,
1,2,23,18,22,0,0,,,
1,2,24,39,41,0,0,,,
1,2,25,84,24,0,0,,,
1,2,26,84,11,0,0,,,
1,2,27,18,16,0,0,,,
1,2,28,39,36,0,0,,,
1,2,29,39,11,0,0,,,
1,2,30,39,13,0,0,,,
1,2,31,39,14,0,0,,,
1,2,32,61,42,0,0,,,
1,3,1,61,24,0,0,,,
1,3,2,100,11,0,0,,,
1,3,3,84,16,0,0,,,
1,3,4,84,29,0,0,,,
1,3,5,61,19,0,0,,,
1,3,6,84,36,0,0,,,
1,3,7,39,12,0,0,,,
1,3,8,18,19,0,0,,,
1,3,9,84,12,0,0,,,
1,3,10,39,26,0,0,,,
1,3,11,39,22,0,1,,,
1,3,12,61,16,0,0,,,
1,3,13,61,17,0,0,,,
1,3,14,39,21,0,0,,,
1,3,15,22,11,0,1,,,
1,3,16,39,23,0,0,,,
1,3,17,18,22,0,0,,,
1,3,18,39,16,0,0,,,
1,3,19,61,16,0,0,,,
1,3,20,39,20,0,0,,,
1,3,21,52,30,0,0,,,
1,3,22a,39,20,0,0,,,
1,3,22b,39,15,0,0,,,
1,3,22c,39,20,0,0,,,
1,3,23,84,12,0,0,,,
1,3,24,61,22,0,0,,,
1,3,25,39,12,0,0,,,
1,3,26,61,20,0,0,,,
1,3,27,39,36,0,0,,,
1,3,28,61,19,0,0,,,
1,3,29,100,26,0,0,,,
1,3,30,52,29,0,0,,,
1,3,31,61,11,0,0,,,
1,3,32,61,19,0,0,,,
1,3,33,100,26,0,0,,,
1,3,34,39,12,0,1,,,
1,3,35,61,35,0,0,,,
1,3,36,18,24,0,0,,,
1,3,37,18,10,0,0,,,
1,3,38,52,40,0,0,,,
1,3,39,61,23,0,0,,,
1,4,1,100,30,0,0,,,
1,4,2a,18,22,0,0,,,
1,4,2b,18,32,0,0,,,
1,4,2c,18,48,0,0,,,
1,4,3,61,25,0,0,,,
1,4,4,18,12,0,0,,,
1,4,5,61,17,0,0,,,
1,4,6,61,18,0,0,,,
1,4,7,61,20,0,0,,,
1,4,8a,18,16,0,0,,,
1,4,8b,18,21,0,0,,,
1,4,8c,18,12,0,0,,,
1,4,9,39,26,0,0,,,
1,4,10,18,15,0,0,,,
1,4,11,18,14,0,0,,,
1,4,12,18,29,0,0,,,
1,4,13,39,10,0,0,,,
1,4,14,61,11,0,0,,,
1,4,15,18,12,0,0,,,
1,4,16a,61,15,0,0,,,
1,4,16b,18,11,0,0,,,
1,4,17,18,15,0,0,,,
1,4,18,111,11,0,0,,,
1,4,19,111,11,0,0,,,
1,4,20a,111,15,0,0,,,
1,4,20b,111,11,0,0,,,
1,4,21,61,28,0,0,,,
1,4,22,111,16,0,0,,,
1,4,23,61,20,0,0,,,
1,4,24,18,28,0,0,,,
1,4,25,18,34,0,0,,,
1,5,1,61,22,0,0,,,
1,5,2,61,22,0,0,,,
1,5,3,61,20,0,0,,,
1,5,4,61,15,0,0,,,
1,5,5,18,15,0,0,,,
1,5,6,18,18,0,0,,,
1,5,7,90,11,0,0,,,
1,5,8,18,12,0,0,,,
1,5,9,18,22,0,0,,,
1,5,10a,85,19,0,0,,,
1,5,10b,85,18,0,0,,,
1,5,11,61,32,0,0,,,
1,5,12,61,33,0,0,,,
1,5,13,61,30,0,0,,,
1,5,14,18,17,0,0,,,
1,5,15,18,18,0,0,,,
1,5,16,18,14,0,0,,,
1,5,17,61,19,0,0,,,
1,5,18,61,12,0,0,,,
1,5,19,18,12,0,0,,,
1,5,20,18,38,0,0,,,
1,5,21,111,16,0,0,,,
1,5,22,61,24,0,0,,,
1,5,23,61,22,0,0,,,
1,5,24,61,21,0,0,,,
1,5,25,61,19,0,0,,,
1,6,1,39,32,0,0,,,
1,6,2,39,21,0,0,,,
1,6,3,100,17,0,0,,,
1,6,4,39,19,0,0,,,
1,6,5,18,20,0,0,,,
1,6,6,39,14,0,0,,,
1,6,7,61,60,0,0,,,
1,6,8,39,34,0,0,,,
1,6,9,39,28,0,0,,,
1,6,10,39,45,0,0,,,
1,6,11,61,24,0,0,,,
1,6,12,111,24,0,0,,,
1,6,13,18,24,0,0,,,
1,6,14,39,17,0,0,,,
1,6,15,39,36,0,0,,,
1,6,16,52,22,0,0,,,
1,6,17,39,26,0,0,,,
1,6,18,39,29,0,0,,,
1,6,19,100,26,0,0,,,
1,6,20,100,26,0,0,,,
1,6,21,61,22,0,0,,,
1,6,22,61,12,0,0,,,
1,6,23,39,30,0,0,,,
1,6,24,39,22,0,0,,,
1,6,25,52,10,0,0,,,
1,6,26,25,22,0,0,,,
1,6,27,101,18,0,0,,,
1,6,28,91,20,0,0,,,
1,6,29,93,21,0,0,,,
1,7,1,18,19,0,0,,,
1,7,2,39,18,0,0,,,
1,7,3,18,55,0,0,,,
1,7,4,18,21,0,0,,,
1,7,5,18,30,0,0,,,
1,7,6,18,20,0,0,,,
1,7,7,18,22,0,0,,,
1,7,8,18,16,0,0,,,
1,7,9,39,30,0,0,,,
1,7,10,61,38,0,0,,,
1,7,11,61,22,0,0,,,
1,7,12,61,10,0,0,,,
1,7,13,61,21,0,0,,,
1,7,14,61,14,0,0,,,
1,7,15,84,30,0,0,,,
1,7,16,61,22,0,0,,,
1,7,17,39,32,0,0,,,
1,7,18,84,15,0,0,,,
1,7,19,39,30,0,0,,,
1,7,20,61,34,0,0,,,
1,7,21,39,24,0,0,,,
1,7,22,61,19,0,0,,,
1,7,23,18,18,0,0,,,
1,7,24,18,16,0,0,,,
1,7,25,39,25,0,0,,,
1,7,26,18,18,0,0,,,
1,7,27,18,11,0,0,,,
1,7,28,90,13,0,0,,,
1,7,29,111,13,0,0,,,
1,7,30,39,28,0,0,,,
1,7,31,39,30,0,0,,,
1,7,32,4,13,0,0,,,
1,8,1,85,14,0,0,,,
1,8,2a,31,14,0,0,,,
1,8,2b,31,10,0,0,,,
1,8,2c,31,12,0,0,,,
1,8,3,31,11,0,0,,,
1,8,4,10,15,0,0,,,
1,8,5a,18,11,0,0,,,
1,8,5b,18,11,0,0,,,
1,8,6,18,13,0,0,,,
1,8,7,85,11,0,0,,,
1,8,8,85,11,0,0,,,
1,8,9,18,11,0,0,,,
1,8,10,18,11,0,0,,,
1,8,11,18,18,0,0,,,
1,8,12,18,13,0,0,,,
1,9,1,39,12,0,0,,,
1,9,2,18,21,0,0,,,
1,9,3,89,22,0,0,,,
1,9,4,89,12,0,0,,,
1,9,5,89,34,0,0,,,
1,9,6,18,32,0,0,,,
1,9,7,39,10,0,0,,,
1,9,8,22,11,0,0,,,
1,9,9,22,18,0,0,,,
1,9,10,61,11,0,0,,,
1,9,11,90,20,0,0,,,
1,9,12,39,18,0,0,,,
1,9,13,89,11,0,0,,,
1,9,14,61,11,0,0,,,
1,9,15,61,15,0,0,,,
1,9,16,39,26,0,0,,,
1,9,17,61,18,0,0,,,
1,9,18,61,17,0,0,,,
1,9,19,85,15,0,0,,,
1,9,20,18,13,0,0,,,
1,9,21,52,58,0,0,,,
1,9,22,39,58,0,0,,,
1,10,1,39,16,0,0,,,
1,10,2,61,34,0,0,,,
1,10,3,111,18,0,0,,,
1,10,4,52,14,0,0,,,
1,10,5,61,48,0,0,,,
1,10,6,52,17,1,0,,,
1,10,7,61,20,0,0,,,
1,10,8,61,12,0,0,,,
1,10,9,18,11,0,0,,,
1,10,10a,18,12,0,0,,,
1,10,10b,18,29,0,0,,,
1,10,11,111,12,0,0,,,
1,10,12,61,26,0,0,,,
1,10,13,39,50,0,0,,,
1,10,14,61,20,0,0,,,
1,10,15,61,19,0,0,,,
1,10,16,85,12,0,0,,,
1,10,17,18,10,0,0,,,
1,10,18,61,20,0,0,,,
1,10,19,111,11,0,0,,,
1,10,20,111,11,0,0,,,
1,10,21,84,13,0,0,,,
1,10,22,61,14,0,0,,,
1,10,23,111,16,0,0,,,
1,10,24,111,18,0,0,,,
1,10,25,111,15,0,0,,,
1,10,26,111,12,0,0,,,
1,10,27,22,18,0,0,,,
1,10,28,18,25,0,0,,,
2,1,1,61,29,0,0,,,
2,1,2,52,31,0,0,,,
2,1,3,31,30,0,0,,,
2,1,4a,31,11,0,0,,,
2,1,4b,31,10,0,0,,,
2,1,4c,31,11,0,0,,,
2,1,5,10,42,0,0,,,
2,1,6,61,16,0,0,,,
2,1,7,52,17,0,0,,,
2,1,8,102,17,0,0,,,
2,1,9,97,14,0,0,,,
2,2,1,61,12,0,0,,,
2,2,2a,18,11,0,0,,,
2,2,2b,18,18,0,0,,,
2,2,3,61,18,0,0,,,
2,2,4,61,16,0,0,,,
2,2,5,18,11,0,0,,,
2,2,6,18,14,0,0,,,
2,2,7,18,14,0,0,,,
2,2,8,18,11,0,0,,,
2,2,9,61,20,0,0,,,
2,2,10,61,17,0,0,,,
2,2,11,61,18,0,0,,,
2,2,12,61,21,0,0,,,
2,2,13,55,18,0,0,,,
2,2,14,55,20,0,0,,,
2,2,15,111,12,0,0,,,
2,2,16,71,18,0,0,,,
2,2,17,52,12,0,0,,,
2,2,18,18,14,0,0,,,
2,2,19,18,19,0,0,,,
2,2,20,18,14,0,0,,,
2,2,21,61,23,0,0,,,
2,2,22,61,20,0,0,,,
2,2,23,71,28,0,0,,,
2,2,24,71,19,0,0,,,
2,2,25,61,19,0,0,,,
2,2,26,39,11,0,0,,,
2,2,27,18,12,0,0,,,
2,2,28,18,17,0,0,,,
2,2,29,111,14,0,0,,,
2,2,30,61,12,0,0,,,
2,2,31,71,12,0,0,,,
2,2,32,61,15,0,0,,,
2,3,1,101,13,0,0,,,
2,3,2,54,12,0,0,,,
2,3,3,71,34,0,0,,,
2,3,4a,55,21,0,0,,,
2,3,4b,55,25,0,0,,,
2,3,4c,55,20,0,0,,,
2,3,5,84,17,0,0,,,
2,4,1,111,18,0,0,,,
2,4,2,111,20,0,0,,,
2,4,3,98,14,0,0,,,
2,4,4,98,24,0,0,,,
2,4,5a,89,24,0,0,,,
2,4,5b,89,40,0,0,,,
2,4,6a,98,12,0,0,,,
2,4,6b,98,34,0,0,,,
2,4,7,111,40,0,0,,,
2,4,8,89,12,0,0,,,
2,4,9,25,12,0,0,,,
2,4,10,25,30,0,0,,,
2,4,11,106,20,0,0,,,
2,4,12,106,20,0,0,,,
2,4,13,106,15,0,0,,,
2,4,14,106,11,0,0,,,
2,4,15,89,22,0,0,,,
2,4,16,106,13,0,0,,,
2,4,17,25,11,0,0,,,
2,4,18,25,21,0,0,,,
2,4,19,106,28,0,0,,,
2,4,20,89,16,0,0,,,
2,4,21,89,16,0,0,,,
2,4,22,81,38,0,0,,,
2,4,23,106,59,0,0,,,
2,4,24,81,33,0,0,,,
2,4,25,81,42,0,0,,,
2,4,26,100,34,0,0,,,
2,4,27,89,16,0,0,,,
2,5,1,39,39,0,0,,,
2,5,2,61,10,0,0,,,
2,5,3,90,14,0,0,,,
2,5,4,22,12,0,0,,,
2,5,5,61,12,0,0,,,
2,5,6,61,15,0,0,,,
2,5,7,61,26,0,0,,,
2,5,8,18,14,0,0,,,
2,5,9,18,29,0,0,,,
2,5,10,61,25,0,0,,,
2,5,11,61,16,0,0,,,
2,5,12,61,12,0,0,,,
2,5,13,61,11,0,0,,,
2,5,14,39,26,0,0,,,
2,5,15,22,15,0,0,,,
2,5,16,61,11,0,0,,,
2,5,17,61,11,0,0,,,
2,5,18,61,11,0,0,,,
2,5,19,18,20,0,0,,,
2,5,20,18,27,0,0,,,
2,5,21,18,26,0,0,,,
2,5,22,18,14,0,0,,,
2,5,23,18,15,0,0,,,
2,5,24,18,11,0,0,,,
2,5,24,18,25,0,0,,,
2,5,25,61,16,0,0,,,
2,5,26,39,21,0,0,,,
2,5,39,18,13,0,0,,,
2,5,27,18,18,0,0,,,
2,5,28,61,20,0,0,,,
2,5,29,39,13,0,0,,,
2,5,30,111,15,0,0,,,
2,5,31,22,13,0,0,,,
2,5,32,22,24,1,0,,,
2,5,33,111,14,0,0,,,
2,5,34,18,22,0,0,,,
2,5,35,18,15,0,0,,,
2,5,36,61,11,0,0,,,
2,5,37,39,15,0,0,,,
2,5,38,18,27,0,0,,,
2,6,1,39,18,0,0,,,
2,6,2,52,12,0,0,,,
2,6,3,61,22,0,0,,,
2,6,4,61,10,0,0,,,
2,6,5,61,16,0,0,,,
2,6,6,18,11,0,0,,,
2,6,7,61,17,0,0,,,
2,6,8a,18,16,0,0,,,
2,6,8b,18,16,0,0,,,
2,6,8c,18,11,0,0,,,
2,6,8d,18,28,0,0,,,
2,6,9,111,20,0,0,,,
2,6,10,61,24,0,0,,,
2,6,11,61,19,0,0,,,
2,6,12a,61,11,0,0,,,
2,6,12b,61,12,0,0,,,
2,6,13a,18,22,0,0,,,
2,6,13b,18,11,0,0,,,
2,6,14,18,13,0,0,,,
2,6,15,61,11,0,0,,,
2,6,16,18,11,0,0,,,
2,6,17,18,14,0,0,,,
2,6,18a,111,12,0,0,,,
2,6,18b,111,22,0,0,,,
2,6,18c,111,22,0,0,,,
2,6,19,39,16,0,0,,,
2,6,20,61,14,0,0,,,
2,6,21,61,30,0,0,,,
2,6,22,61,13,0,0,,,
2,6,23,61,17,0,0,,,
2,6,24,18,20,0,0,,,
2,6,25,18,15,0,0,,,
2,6,26,61,18,0,0,,,
2,6,27,111,14,0,0,,,
2,6,28,61,16,0,0,,,
2,6,29,61,14,0,0,,,
2,6,30,111,11,0,0,,,
2,6,31,100,24,0,0,,,
2,6,32,61,23,0,0,,,
2,6,33,61,14,0,0,,,
2,6,34,18,14,0,0,,,
2,6,35,18,20,0,0,,,
2,6,36,52,56,0,0,,,
2,6,37,39,28,0,0,,,
2,7,1,61,26,0,0,,,
2,7,2,71,15,0,0,,,
2,7,3,61,18,0,0,,,
2,7,4,45,19,0,0,,,
2,7,5,49,17,0,1,,,
2,8,1,58,50,0,0,,,
2,8,2,87,21,0,0,,,
2,8,3,87,28,0,0,,,
2,8,4,87,58,0,0,,,
2,8,5,87,38,0,0,,,
2,8,6,87,28,0,0,,,
2,8,7,87,15,0,0,,,
2,8,8,87,34,0,0,,,
2,8,9,58,66,0,0,,,
2,8,10,87,37,0,0,,,
2,8,11,87,37,0,0,,,
2,9,1,61,12,0,0,,,
2,9,2a,18,12,0,1,,,
2,9,2b,18,13,0,0,,,
2,9,3,61,11,0,0,,,
2,9,4,61,11,0,0,,,
2,9,5,61,14,0,0,,,
2,9,6a,52,22,0,0,,,
2,9,6b,52,11,0,0,,,
2,9,7,52,12,0,0,,,
2,9,8,61,18,0,0,,,
2,9,9,61,22,0,1,,,
2,9,10a,18,23,0,0,,,
2,9,10b,18,12,0,0,,,
2,9,11,18,14,0,0,,,
2,9,12,71,12,0,0,,,
2,9,13,18,13,0,0,,,
2,9,14,18,10,0,0,,,
2,9,15,18,13,0,0,,,
2,9,16,58,12,0,0,,,
2,9,17,31,17,0,0,,,
2,9,18,52,18,0,1,,,
2,9,19,52,18,0,0,,,
2,9,20,52,22,0,0,,,
2,9,21,52,19,0,0,,,
2,9,22,52,11,0,0,,,
2,9,23,52,18,0,0,,,
2,9,24,18,11,0,0,,,
2,9,25,18,14,0,0,,,
2,9,26,55,15,0,0,,,
2,9,27,52,11,0,0,,,
2,9,28,18,14,0,0,,,
2,10,1,61,32,0,0,,,
2,10,2,87,54,0,0,,,
2,10,3,87,28,0,0,,,
2,10,4,87,31,0,0,,,
2,10,5,87,10,0,0,,,
5,1,1,61,22,0,0,,,
5,1,2a,1,20,0,0,,,
5,1,2b,1,12,0,0,,,
5,1,3,61,33,0,0,,,
5,1,4a,85,13,0,0,,,
5,1,4b,85,16,0,0,,,
5,1,5,61,14,0,0,,,
5,1,6,22,22,0,0,,,
5,1,7,61,30,0,0,,,
5,1,8,61,18,0,0,,,
5,1,9a,61,22,0,0,,,
5,1,9b,100,24,0,0,,,
5,1,9c,100,16,0,0,,,
5,1,10,100,17,0,0,,,
5,1,11,61,18,0,0,,,
5,1,12,61,26,0,0,,,
5,1,13,18,14,0,0,,,
5,1,14,18,14,0,0,,,
5,1,15,18,16,0,0,,,
5,1,17a,61,25,0,0,,,
5,1,17b,81,24,0,0,,,
5,1,18,100,22,0,1,,,
5,1,19,100,15,0,0,,,
5,1,20,100,15,0,0,,,
5,1,21,18,17,0,0,,,
5,1,22,61,23,0,0,,,
5,1,23a,111,15,0,0,,,
5,1,23b,111,14,0,0,,,
5,1,23c,111,15,0,0,,,
5,1,24,61,15,0,0,,,
5,1,25,100,38,0,0,,,
5,1,26,61,20,0,0,,,
5,1,27,61,18,0,0,,,
5,1,28,61,10,0,0,,,
5,1,29,61,40,0,0,,,
5,1,30,61,28,0,0,,,
5,1,31,61,26,0,0,,,
5,1,32,18,23,0,0,,,
5,1,33,10,34,0,0,,,
5,1,34,100,34,0,0,,,
5,1,35,18,15,0,0,,,
5,1,36,18,20,0,0,,,
5,1,37,18,31,0,0,,,
5,1,38,18,13,0,0,,,
5,1,39,61,16,0,0,,,
5,1,40,61,13,0,0,,,
5,1,41,18,11,0,0,,,
5,1,42,18,28,0,0,,,
5,1,43,61,39,0,0,,,
5,1,44,18,24,0,0,,,
5,2,1,61,24,0,0,,,
5,2,2,61,20,0,0,,,
5,2,3,61,24,0,0,,,
5,2,4,61,24,0,0,,,
5,2,5,61,11,0,0,,,
5,2,6,61,17,0,0,,,
5,2,7a,18,20,0,0,,,
5,2,7b,18,26,0,0,,,
5,2,8,18,50,0,0,,,
5,2,9,61,21,0,0,,,
5,2,10,61,12,0,0,,,
5,2,11,18,11,0,0,,,
5,2,12,61,11,0,0,,,
5,2,13,111,36,0,0,,,
5,2,14,61,16,0,0,,,
5,2,5,111,18,0,0,,,
5,2,16,18,12,0,0,,,
5,2,17,61,12,0,0,,,
5,2,18,39,18,0,0,,,
5,2,19,61,22,0,0,,,
5,2,20,61,22,0,0,,,
5,2,21,61,14,0,0,,,
5,2,22,61,22,0,0,,,
5,2,23,18,11,0,0,,,
5,2,24,61,20,0,0,,,
5,3,1,100,15,0,0,,,
5,3,2,52,75,0,0,,,
5,3,3,22,25,0,0,,,
5,3,4,22,70,0,0,,,
5,3,5,100,53,0,0,,,
5,3,6,61,37,0,0,,,
5,3,7,22,13,0,0,,,
5,3,8,52,85,0,0,,,
5,4,1,61,19,0,0,,,
5,4,2,61,21,0,0,,,
5,4,3a,61,28,0,0,,,
5,4,3b,61,28,0,0,,,
5,4,3c,61,14,0,0,,,
5,4,3d,61,28,0,0,,,
5,4,4,71,27,0,0,,,
5,4,5a,61,18,0,0,,,
5,4,5b,61,31,0,0,,,
5,4,6,71,30,0,0,,,
5,5,1,18,20,0,0,,,
5,5,2,18,10,0,0,,,
5,5,3,18,12,0,0,,,
5,5,4,61,22,0,0,,,
5,5,5a,61,25,0,0,,,
5,5,5b,61,20,0,0,,,
5,5,6,61,36,0,0,,,
5,5,7,61,28,0,0,,,
5,5,8,61,20,0,0,,,
5,5,9,55,30,0,0,,,
5,5,10,61,18,0,0,,,
5,5,11,61,22,0,0,,,
5,5,12,61,16,0,0,,,
5,5,13,61,12,0,0,,,
5,5,14,61,25,0,0,,,
5,5,15,61,13,0,0,,,
5,5,16,61,34,0,0,,,
5,5,17,71,30,0,0,,,
5,5,18,61,20,0,0,,,
5,6,1,61,18,0,0,,,
5,6,2,61,12,0,1,,,
5,6,3,61,14,0,1,,,
5,6,4a,18,26,0,1,,,
5,6,4b,18,22,0,0,,,
5,6,5,18,13,0,0,,,
5,6,6,61,14,0,0,,,
5,6,7,61,12,0,0,,,
5,6,8,18,11,0,0,,,
5,6,9,85,28,0,0,,,
5,6,10,18,22,0,0,,,
5,6,11,71,17,0,0,,,
5,6,12,84,25,0,0,,,
5,6,13,18,23,0,0,,,
5,6,14,61,14,0,0,,,
5,6,15,61,12,0,0,,,
5,6,16,18,16,0,0,,,
5,6,17,18,42,0,0,,,
5,6,18,18,18,0,0,,,
5,6,19,84,11,0,0,,,
5,6,20,18,11,0,0,,,
5,6,21,61,20,0,0,,,
5,6,22,55,28,0,0,,,
5,6,23,61,20,0,0,,,
5,6,24,61,18,0,0,,,
5,6,25,61,24,0,0,,,
5,6,26,3,12,0,0,,,
5,6,27,61,23,0,0,,,
5,6,28,18,12,0,0,,,
5,6,29,18,24,0,0,,,
5,6,30,18,12,0,0,,,
5,6,31,81,21,0,0,,,
5,6,32,61,19,0,0,,,
5,6,33,61,32,0,0,,,
5,6,34,61,20,0,0,,,
5,6,35,61,11,0,0,,,
5,6,36,61,14,0,0,,,
5,6,37,18,12,0,0,,,
5,6,38,52,28,0,0,,,
5,6,39,61,32,0,0,,,
5,7,1,39,30,0,0,,,
5,7,2,18,28,0,0,,,
5,7,3,10,18,0,0,,,
5,7,4,81,32,0,0,,,
5,7,5a,105,16,0,0,,,
5,7,5b,18,18,0,0,,,
5,7,6a,18,24,0,0,,,
5,7,6b,18,24,0,0,,,
5,7,7,18,20,0,0,,,
5,7,8,18,26,0,0,,,
5,7,9,39,18,0,0,,,
5,7,10a,55,30,0,0,,,
5,7,10b,55,24,0,0,,,
5,7,10c,55,36,0,0,,,
5,7,11,4,24,0,0,,,
5,7,12,18,16,0,0,,,
5,7,13,18,20,0,0,,,
5,7,14,71,12,0,0,,,
5,7,15,39,12,0,0,,,
5,7,16,39,48,0,0,,,
5,7,17,39,16,0,0,,,
5,7,18,39,25,0,0,,,
5,7,19,39,65,0,0,,,
5,7,20,39,36,0,0,,,
5,7,21,39,22,0,0,,,
5,7,22,39,26,0,0,,,
5,7,23,39,11,0,0,,,
5,7,24,39,18,0,0,,,
5,7,25,106,42,0,0,,,
5,7,26,84,49,0,0,,,
5,8,1,111,10,0,0,,,
5,8,2,61,11,0,0,,,
5,8,3,61,22,0,0,,,
5,8,4,90,11,0,0,,,
5,8,5,85,18,0,0,,,
5,8,6,71,21,0,0,,,
5,8,7,61,12,0,0,,,
5,8,8,61,14,0,0,,,
5,8,9a,71,22,0,0,,,
5,8,9b,71,28,0,0,,,
5,8,10,61,22,0,0,,,
5,8,11,39,56,0,0,,,
5,8,12,55,20,0,0,,,
5,8,13a,61,32,0,0,,,
5,8,13b,61,12,0,0,,,
5,8,14,61,21,0,0,,,
5,9,1,39,16,0,0,,,
5,9,2,39,26,0,0,,,
5,9,3,39,19,0,0,,,
5,9,4,39,17,0,0,,,
5,9,5,39,15,0,0,,,
5,9,6,39,18,0,1,,,
5,9,7,61,18,0,1,,,
5,9,8a,111,21,0,0,,,
5,9,8b,111,12,0,0,,,
5,9,9,111,11,0,0,,,
5,9,10a,61,14,0,0,,,
5,9,10b,61,26,0,0,,,
5,9,11,61,28,0,0,,,
5,9,12,61,24,0,0,,,
5,9,13,61,23,0,0,,,
5,9,14,39,23,0,0,,,
5,9,15,39,28,0,0,,,
5,9,16,39,28,0,0,,,
5,9,17,111,25,1,0,,,
5,9,18,111,11,0,0,,,
5,9,19,18,12,0,0,,,
5,9,20,18,18,0,0,,,
5,9,21,39,18,0,0,,,
5,9,22a,111,17,0,0,,,
5,9,22b,100,31,0,0,,,
5,9,23,71,34,0,0,,,
5,9,24,18,24,0,0,,,
5,9,25,61,12,0,0,,,
5,9,26,39,13,0,0,,,
5,9,27,39,33,0,0,,,
5,9,28,39,30,0,0,,,
5,9,29,39,38,0,0,,,
5,10,1,61,15,0,0,,,
5,10,2,65,27,0,0,,,
5,10,3,65,15,0,0,,,
5,10,4,98,17,0,0,,,
5,10,5,61,23,0,0,,,
5,10,6,61,13,0,0,,,
5,10,7,61,21,0,0,,,
5,10,8,61,14,0,0,,,
5,10,9,61,40,0,0,,,
5,10,10,61,28,0,0,,,
5,10,11,61,25,0,0,,,
5,10,12,86,24,0,0,,,
5,10,13,61,15,0,0,,,
5,10,14,61,22,0,0,,,
5,10,15,18,24,0,0,,,
5,10,16,18,13,0,0,,,
5,10,17,18,10,0,0,,,
5,10,18,18,20,0,0,,,
5,10,19,61,56,0,0,,,
5,10,20,71,39,0,0,,,
5,10,21,18,23,0,0,,,
5,10,22,61,34,0,0,,,
5,10,23,61,16,0,0,,,
5,10,24,61,20,0,0,,,
5,10,25,71,28,0,0,,,
5,10,26,61,34,0,0,,,
5,10,27,61,26,0,0,,,
5,10,28,61,18,0,0,,,
5,10,29,18,14,0,0,,,
6,1,1,52,20,0,0,,,
6,1,2,61,20,0,0,,,
6,1,3,100,40,0,0,,,
6,1,4,52,46,0,0,,,
6,1,5,52,38,0,0,,,
6,1,6,61,26,0,0,,,
6,1,7,61,16,0,0,,,
6,1,8a,61,13,0,0,,,
6,1,8b,100,22,0,0,,,
6,1,9,100,11,0,0,,,
6,1,10,85,13,0,0,,,
6,1,11,61,14,0,0,,,
6,1,12,61,30,0,0,,,
6,1,13,61,10,0,0,,,
6,1,14,39,11,0,0,,,
6,1,15a,39,36,0,0,,,
6,1,15b,18,17,0,0,,,
6,1,15c,18,23,0,0,,,
6,1,15d,18,19,0,0,,,
6,1,15e,18,15,0,0,,,
6,1,16,18,20,0,0,,,
6,1,7,61,13,0,0,,,
6,1,18,111,11,0,0,,,
6,1,19,111,22,0,0,,,
6,1,20,18,20,0,0,,,
6,1,21,61,16,0,0,,,
6,2,1,18,24,0,0,,,
6,2,2,18,20,0,0,,,
6,2,3,18,27,0,0,,,
6,2,4,39,23,0,0,,,
6,2,5,61,16,0,0,,,
6,2,6,52,27,0,0,,,
6,2,7,18,15,0,0,,,
6,2,8,18,13,0,0,,,
6,2,9,100,40,0,0,,,
6,2,10,39,30,0,0,,,
6,2,11,61,27,0,0,,,
6,2,12,39,16,0,0,,,
6,2,13,18,11,0,0,,,
6,2,14,61,10,0,0,,,
6,2,15,52,18,0,0,,,
6,2,16,100,28,0,0,,,
6,2,17,39,14,0,0,,,
6,2,18,61,11,0,0,,,
6,2,19,52,16,0,0,,,
6,2,20,111,22,0,0,,,
6,2,21,18,19,0,0,,,
6,2,22,18,13,0,0,,,
6,2,23,18,14,0,1,,,
6,2,24,61,12,0,0,,,
6,2,25,18,11,0,0,,,
6,2,26,61,19,0,0,,,
6,2,27,61,21,0,0,,,
6,2,28,39,32,0,0,,,
6,2,29,52,38,0,0,,,
6,2,30,81,13,0,0,,,
6,2,31,90,11,0,0,,,
6,2,32,61,15,0,0,,,
6,2,33,61,12,0,0,,,
6,2,34,18,25,0,0,,,
6,2,35,100,17,0,0,,,
6,3,1,100,45,0,0,,,
6,3,2,100,28,0,0,,,
6,3,3,18,22,0,0,,,
6,3,4,18,11,0,0,,,
6,3,5,39,34,0,0,,,
6,3,6,61,16,0,0,,,
6,3,7,18,20,0,0,,,
6,3,8,18,12,0,0,,,
6,3,9,18,12,0,0,,,
6,3,10,18,13,0,0,,,
6,3,11,39,46,0,0,,,
6,3,12,61,32,0,0,,,
6,3,13,18,23,0,0,,,
6,3,14a,39,37,0,0,,,
6,3,14b,39,17,0,0,,,
6,3,15,111,20,0,0,,,
6,3,16,61,28,0,0,,,
6,3,17,84,30,0,0,,,
6,3,18,71,28,0,0,,,
6,3,19,71,22,0,0,,,
6,3,20,18,30,0,0,,,
6,3,21,84,28,0,0,,,
6,3,22,84,22,0,0,,,
6,3,23,84,30,0,0,,,
6,3,24,61,10,0,0,,,
6,3,25,68,22,0,0,,,
6,3,26,84,20,0,0,,,
6,3,27,18,26,0,0,,,
6,3,28a,18,11,0,0,,,
6,3,28b,18,14,0,0,,,
6,3,28c,18,12,0,0,,,
6,3,28d,18,24,0,0,,,
6,3,29,24,16,0,0,,,
6,3,30,84,20,0,0,,,
6,3,31,18,20,0,0,,,
6,3,32,18,24,0,0,,,
6,3,33,61,21,0,0,,,
6,3,34,61,26,0,0,,,
6,3,35,18,15,0,0,,,
6,3,61,84,24,0,0,,,
6,4,1,61,45,0,0,,,
6,4,2,61,34,0,0,,,
6,4,3,61,22,0,0,,,
6,4,4,18,38,0,0,,,
6,4,5,61,28,0,0,,,
6,4,6a,61,12,0,0,,,
6,4,6b,71,11,0,0,,,
6,4,7,86,24,0,0,,,
6,4,8,86,15,0,0,,,
6,4,9,100,12,0,0,,,
6,4,10,111,24,0,0,,,
6,4,11,61,13,0,0,,,
6,4,12,61,16,0,0,,,
6,4,13,61,14,0,0,,,
6,4,14,10,45,0,0,,,
6,4,15,61,12,0,0,,,
6,4,16,61,26,0,0,,,
6,4,17,61,22,0,0,,,
6,4,18,61,12,0,0,,,
6,4,19,61,28,0,0,,,
6,4,20,61,18,0,0,,,
6,4,21,90,12,0,0,,,
6,4,22,71,30,0,0,,,
6,4,23,10,17,0,0,,,
6,4,24,10,45,0,0,,,
6,4,25,18,11,0,0,,,
6,4,26,18,16,0,0,,,
6,4,27,86,11,0,0,,,
6,5,1a,39,14,0,0,,,
6,5,1b,39,20,0,0,,,
6,5,1c,39,16,0,0,,,
6,5,2,39,14,0,0,,,
6,5,3,61,38,0,0,,,
6,5,4,61,24,0,0,,,
6,5,5,61,30,0,0,,,
6,5,6,71,13,0,0,,,
6,5,7,52,26,0,0,,,
6,5,8,52,17,0,0,,,
6,5,9,52,31,0,0,,,
6,5,10,39,10,0,0,,,
6,5,11,61,18,0,0,,,
6,5,12,52,24,0,0,,,
6,5,13,52,11,0,0,,,
6,5,14,54,12,0,0,,,
6,6,1,18,29,0,0,,,
6,6,2,61,22,0,0,,,
6,6,3,18,32,0,0,,,
6,6,4,18,19,0,0,,,
6,6,5,18,13,0,0,,,
6,6,6,61,30,0,0,,,
6,6,7,18,12,0,1,,,
6,6,8,61,10,0,0,,,
6,6,9,61,12,0,0,,,
6,6,10,18,19,0,0,,,
6,6,11,61,11,0,0,,,
6,6,12,61,19,0,0,,,
6,6,13,18,12,0,0,,,
6,6,14,18,11,0,0,,,
6,6,15,18,18,0,0,,,
6,6,16,18,13,0,0,,,
6,6,17,18,21,0,0,,,
6,6,18,61,14,0,0,,,
6,6,19,61,13,0,0,,,
6,6,20,18,20,0,0,,,
6,6,21,18,17,0,0,,,
6,6,22,18,17,0,0,,,
6,6,23,18,22,0,0,,,
6,6,24,18,15,0,0,,,
6,6,25,18,16,0,0,,,
6,6,26,61,27,0,0,,,
6,6,27,61,24,0,0,,,
6,6,28,18,11,0,0,,,
6,6,29,61,15,0,0,,,
6,6,30,52,70,0,0,,,
6,7,1,39,20,0,0,,,
6,7,2,61,10,0,0,,,
6,7,3,18,22,0,0,,,
6,7,4,18,15,0,0,,,
6,7,5,18,19,0,0,,,
6,7,6,18,21,0,0,,,
6,7,7,39,10,0,0,,,
6,7,8,18,25,0,0,,,
6,7,9,18,10,0,0,,,
6,7,10,18,16,0,0,,,
6,7,11,18,23,0,0,,,
6,7,12,18,12,0,1,,,
6,7,13,18,13,0,0,,,
6,7,14,18,16,0,0,,,
6,7,15,39,27,0,0,,,
6,7,16,39,22,0,0,,,
6,7,17,39,28,0,0,,,
6,7,18,39,24,0,0,,,
6,7,19,18,26,0,0,,,
6,7,20,18,27,0,0,,,
6,7,21,61,20,0,0,,,
6,7,22,18,12,0,0,,,
6,7,23,18,24,0,0,,,
6,7,24,18,24,0,0,,,
6,7,25,61,16,0,0,,,
6,7,26,61,34,0,0,,,
6,7,27,10,51,0,0,,,
6,7,28,111,49,0,0,,,
6,7,29,61,29,0,0,,,
6,7,30,86,48,0,0,,,
6,7,31,85,26,0,0,,,
6,7,32,103,14,0,0,,,
6,7,33,10,21,0,0,,,
6,7,34,81,17,0,0,,,
6,7,35,39,23,0,0,,,
6,7,36,52,12,0,0,,,
6,7,37,103,32,0,0,,,
6,8,1,18,15,0,0,,,
6,8,2,111,22,0,0,,,
6,8,3,18,14,0,0,,,
6,8,4,61,26,0,0,,,
6,8,5,61,11,0,0,,,
6,8,6,61,14,0,0,,,
6,8,7,111,56,0,0,,,
6,8,8,1,23,0,0,,,
6,8,9,71,34,0,0,,,
6,8,10,90,10,0,0,,,
6,8,11,68,13,0,0,,,
6,8,12,61,31,0,0,,,
6,8,13,61,20,0,0,,,
6,8,14,18,25,0,0,,,
6,8,15,111,27,0,0,,,
6,8,16,111,22,0,0,,,
6,8,17,61,18,0,0,,,
6,8,18,71,34,0,0,,,
6,8,19,90,12,0,0,,,
6,8,20,18,14,0,0,,,
6,8,21,18,11,0,0,,,
6,8,22,18,13,0,0,,,
6,8,23,31,26,0,0,,,
6,8,24,18,22,0,0,,,
6,8,25,18,23,0,0,,,
6,9,1,71,17,0,0,,,
6,9,2,111,15,0,0,,,
6,9,3,71,11,0,0,,,
6,9,4,61,24,0,0,,,
6,9,5,61,11,0,0,,,
6,9,6a,90,12,0,0,,,
6,9,6b,86,14,0,0,,,
6,10,1,71,27,0,0,,,
6,10,2,61,20,0,0,,,
6,10,3,61,22,0,0,,,
6,10,4,61,33,0,0,,,
6,10,5,90,13,0,0,,,
7,1,1,85,12,0,0,,,
7,1,2,85,11,0,0,,,
7,1,3,61,30,0,0,,,
7,1,4,61,26,0,0,,,
7,1,5,18,30,0,0,,,
7,1,6,61,43,0,0,,,
7,1,7,111,11,0,0,,,
7,1,8,90,28,0,0,,,
7,1,9,61,28,0,0,,,
7,1,10,71,22,0,0,,,
7,1,11,61,46,0,0,,,
7,1,12,61,13,0,0,,,
7,1,13,61,13,0,0,,,
7,1,14,84,12,0,0,,,
7,1,15,10,16,0,0,,,
7,1,16,85,26,0,0,,,
7,1,17,61,16,0,0,,,
7,1,18a,111,11,0,0,,,
7,1,18b,111,31,0,0,,,
7,1,19,61,15,0,0,,,
7,1,20,61,15,0,0,,,
7,1,21,18,18,0,0,,,
7,1,22,18,11,0,0,,,
7,1,23,111,11,0,0,,,
7,1,24,18,22,0,0,,,
7,1,25,111,20,0,0,,,
7,2,1,102,18,0,0,,,
7,2,2,71,33,0,0,,,
7,2,3,14,51,0,0,,,
7,8,1a,18,20,0,0,,,
7,8,1b,18,26,0,0,,,
7,8,2,85,16,0,0,,,
7,8,3,39,16,0,0,,,
7,8,4a,61,14,0,0,,,
7,8,4b,61,22,0,0,,,
7,8,4c,61,13,0,0,,,
7,8,5,71,22,0,0,,,
7,8,6,71,48,0,0,,,
7,8,7,18,30,0,0,,,
7,8,8,18,13,0,0,,,
7,8,9,18,12,0,1,,,
7,8,10,81,23,0,0,,,
7,8,11,84,23,0,0,,,
7,8,12,10,30,0,0,,,
7,8,13,18,16,0,0,,,
7,8,14,84,12,0,0,,,
7,8,15,18,40,0,0,,,
7,8,16,61,43,0,0,,,
7,8,17,111,22,0,0,,,
7,8,18,111,11,0,0,,,
7,8,19,111,24,0,0,,,
7,8,20,18,30,0,0,,,
7,8,21,84,13,0,0,,,
7,8,22,86,12,0,0,,,
7,8,23,61,32,0,0,,,
7,8,24,61,29,0,0,,,
7,8,25,39,28,0,0,,,
7,3,1a,111,20,0,0,,,
7,3,1b,111,21,0,0,,,
7,3,1c,111,18,0,0,,,
7,3,2,61,13,0,0,,,
7,3,3,18,24,0,0,,,
7,3,4a,61,26,0,0,,,
7,3,4b,61,25,0,1,,,
7,3,5,71,28,0,0,,,
7,3,6,87,43,0,0,,,
7,3,7,87,15,0,0,,,
7,3,8,111,11,0,0,,,
7,3,9,111,14,0,0,,,
7,3,10,61,15,0,0,,,
7,3,11,31,36,0,0,,,
7,3,12,61,32,0,0,,,
7,3,13,61,28,0,0,,,
7,3,14,61,24,0,0,,,
7,3,15,55,32,0,0,,,
7,3,16,87,30,0,0,,,
7,3,17,87,23,0,0,,,
7,3,18,111,16,0,0,,,
7,3,19,61,49,0,0,,,
7,3,20a,85,20,0,0,,,
7,3,20b,85,22,0,0,,,
7,3,21,31,16,0,0,,,
7,3,22,18,18,0,0,,,
7,3,23,18,14,0,0,,,
7,3,24,18,18,0,0,,,
7,3,25,86,15,0,0,,,
7,3,26,86,16,0,0,,,
7,3,27,61,44,0,0,,,
7,4,1,81,26,0,0,,,
7,4,2,61,21,0,0,,,
7,4,3,71,25,0,0,,,
7,4,4,85,15,0,0,,,
7,4,5,61,46,0,0,,,
7,4,6,18,14,0,0,,,
7,4,7,81,38,0,0,,,
7,4,8,81,35,0,0,,,
7,4,9,81,13,0,0,,,
7,5,1,111,11,0,0,,,
7,5,2,39,12,0,0,,,
7,5,3,87,32,0,0,,,
7,5,4,8,24,0,0,,,
7,5,5,87,15,0,0,,,
7,5,6,71,21,0,0,,,
7,5,7,71,17,0,0,,,
7,5,8,71,10,0,0,,,
7,5,9,54,17,0,0,,,
7,5,10,54,12,0,0,,,
7,5,11,87,40,0,0,,,
7,5,12,18,11,0,0,,,
7,5,13,55,12,0,0,,,
7,5,14,52,13,0,0,,,
7,5,15,61,16,0,0,,,
7,5,16,71,21,0,0,,,
7,5,17,87,40,0,0,,,
7,5,18,61,78,0,0,,,
7,5,19,61,23,0,0,,,
7,6,1,84,21,0,0,,,
7,6,2,84,38,0,0,,,
7,6,3,61,33,0,0,,,
7,6,4,87,18,0,0,,,
7,6,5a,61,32,0,0,,,
7,6,5b,61,24,0,0,,,
7,6,6,61,28,0,0,,,
7,6,7,61,25,0,0,,,
7,6,8,84,30,0,0,,,
7,6,9,18,14,0,0,,,
7,6,10,71,26,0,0,,,
7,6,11,18,24,0,0,,,
7,6,12,61,30,0,0,,,
7,6,13,39,34,0,0,,,
7,6,14,84,32,0,0,,,
7,6,15,61,17,0,0,,,
7,6,16,61,55,0,0,,,
7,6,17,111,10,0,0,,,
7,6,18,71,38,0,0,,,
7,6,19,18,44,0,0,,,
7,6,20,61,32,0,0,,,
7,6,21,1,19,0,0,,,
7,6,22,39,24,0,0,,,
7,6,23,39,32,0,0,,,
7,6,24,111,53,0,0,,,
7,6,25,39,17,0,0,,,
7,6,26,39,33,0,0,,,
7,6,27,71,30,0,0,,,
7,6,28,84,13,0,0,,,
7,7,1,71,37,0,0,,,
7,7,2,111,37,0,0,,,
7,7,3,61,29,0,0,,,
7,7,4,71,33,0,0,,,
7,7,5,81,32,0,0,,,
7,7,6,39,28,0,0,,,
7,7,7,18,18,0,0,,,
7,7,8,18,21,0,1,,,
7,7,9,61,24,0,0,,,
7,7,10,61,31,0,0,,,
7,7,11,71,42,0,0,,,
7,7,12,71,29,0,0,,,
7,7,13,55,26,1,0,,,
7,7,14,39,35,0,0,,,
7,7,15,111,13,0,0,,,
7,7,16,71,36,0,0,,,
7,7,17,85,18,0,0,,,
7,7,18,61,32,0,0,,,
7,7,19,61,22,0,0,,,
7,7,20,71,36,0,0,,,
7,7,21,61,18,0,0,,,
7,7,22,55,19,0,0,,,
7,7,23,71,28,0,0,,,
7,7,24,61,42,0,0,,,
7,7,25,55,26,0,0,,,
7,7,26,55,20,0,0,,,
7,9,1,71,10,0,0,,,
7,9,2,61,45,0,0,,,
7,9,3,71,21,0,0,,,
7,9,4,87,31,0,0,,,
7,9,5,61,44,0,0,,,
7,9,6,71,42,0,0,,,
7,9,7,61,55,0,0,,,
7,9,8,71,18,0,0,,,
7,9,9,55,18,0,0,,,
7,9,10,55,12,0,0,,,
7,9,11,87,16,0,0,,,
7,9,12,10,34,0,0,,,
7,9,13,71,50,0,0,,,
7,10,1,54,18,0,0,,,
7,10,2,54,24,0,0,,,
7,10,3,54,13,0,0,,,
7,10,4,102,15,0,0,,,
7,10,5,71,11,0,0,,,
7,10,6,71,11,0,0,,,
7,10,7,71,18,0,0,,,
7,10,8,71,19,0,0,,,
7,10,9,61,14,0,0,,,
7,10,10,87,28,0,0,,,
7,10,11,55,19,0,0,,,
7,10,12,71,13,0,0,,,
7,10,13,87,20,0,0,,,
7,10,14,111,24,0,0,,,
7,10,15,18,22,0,0,,,
7,10,16,55,12,0,0,,,
7,10,17,55,10,0,0,,,
7,10,18,71,13,0,0,,,
7,10,19,71,16,0,0,,,
7,10,20,71,15,0,0,,,
7,10,21,61,32,0,0,,,
7,10,22,87,42,0,0,,,
7,10,23,71,41,0,0,,,
7,10,24,55,13,0,0,,,
7,10,25,71,20,0,0,,,
9,1,1a,1,26,0,0,,,
9,1,1b,1,16,0,0,,,
9,1,1c,1,18,0,0,,,
9,1,1d,87,83,0,0,,,
9,1,3,106,17,0,0,,,
9,1,4,41,37,0,0,,,
9,1,5,106,18,0,0,,,
9,1,6,106,20,0,0,,,
9,1,7,87,15,0,0,,,
9,1,8,18,52,0,0,,,
9,1,9,18,10,0,0,,,
9,1,10,84,11,0,0,,,
9,1,11,1,14,0,0,,,
9,1,12,71,12,0,0,,,
9,1,13,71,15,0,0,,,
9,1,14,18,11,0,0,,,
9,1,15,86,14,0,0,,,
9,2,1,41,70,0,0,,,
9,2,2,104,51,0,0,,,
9,2,3,104,11,0,0,,,
9,2,4,1,25,0,0,,,
9,3,1a,111,11,0,0,,,
9,3,1b,111,11,0,0,,,
9,3,1c,111,14,0,0,,,
9,3,1d,111,11,0,0,,,
9,3,1e,111,15,0,0,,,
9,3,2,98,12,0,0,,,
9,3,3,98,11,0,0,,,
9,3,4a,98,12,0,0,,,
9,3,4b,98,11,0,0,,,
9,3,4c,98,11,0,0,,,
9,3,5,98,36,0,0,,,
9,3,6a,25,16,0,0,,,
9,3,6b,25,13,0,0,,,
9,3,7,98,11,0,0,,,
9,3,8,98,11,0,0,,,
9,3,9a,106,12,0,0,,,
9,3,9b,106,11,0,0,,,
9,3,9c,25,13,0,0,,,
9,3,10a,111,11,0,0,,,
9,3,10b,111,11,0,0,,,
9,3,11a,98,12,0,0,,,
9,3,11b,98,20,0,0,,,
9,3,12,106,15,0,0,,,
9,3,13a,25,13,0,0,,,
9,3,13b,25,11,0,0,,,
9,3,13c,25,17,0,0,,,
9,3,14,104,16,0,0,,,
9,3,15,25,14,0,0,,,
9,3,16,98,11,0,0,,,
9,3,17a,106,21,0,0,,,
9,3,17b,106,14,0,0,,,
9,3,18a,98,20,0,0,,,
9,3,18b,98,11,0,0,,,
9,3,19,25,10,0,0,,,
9,4,1,41,35,0,0,,,
9,4,2,41,40,0,0,,,
9,5,1,61,24,0,0,,,
9,5,2,55,20,0,0,,,
9,5,3,61,30,0,0,,,
9,5,4,61,32,0,0,,,
9,5,5,61,11,0,0,,,
9,5,6,61,18,0,0,,,
9,5,7,61,22,0,0,,,
9,5,8,18,36,0,0,,,
9,5,9,55,13,0,0,,,
9,5,10,61,20,0,0,,,
9,5,11,61,17,0,0,,,
9,5,12,61,14,0,0,,,
9,5,13,61,20,0,0,,,
9,5,14,61,17,0,0,,,
9,5,15,18,24,0,0,,,
9,5,16,18,32,0,0,,,
9,5,17,61,16,0,0,,,
9,5,18,61,30,0,0,,,
9,5,19,81,19,0,0,,,
9,5,20,61,36,0,0,,,
9,5,21,61,38,0,0,,,
9,5,22,61,18,0,0,,,
9,5,23,71,16,0,0,,,
9,5,24,61,20,0,0,,,
9,5,25,18,19,0,0,,,
9,5,26,18,17,0,0,,,
9,5,27,18,17,0,0,,,
9,5,29,18,15,0,0,,,
9,5,30,18,15,0,0,,,
9,5,31,71,30,0,0,,,
9,5,32,10,14,0,0,,,
9,5,33,61,20,0,0,,,
9,5,34,61,17,0,0,,,
9,5,35,85,27,0,0,,,
9,5,36,87,34,0,0,,,
9,5,37,87,12,0,0,,,
9,5,38,87,14,0,0,,,
9,6,1a,87,14,0,0,,,
9,6,1b,87,38,0,0,,,
9,6,2,61,18,0,0,,,
9,6,3,61,14,0,0,,,
9,6,4,61,13,0,0,,,
9,6,5,71,10,0,0,,,
9,6,6,61,36,0,0,,,
9,6,7,61,14,0,0,,,
9,6,8,54,22,0,0,,,
9,6,9,54,12,0,0,,,
9,6,10,61,12,0,0,,,
9,6,11,61,13,0,0,,,
9,6,12,61,14,0,0,,,
9,6,13,61,14,0,0,,,
9,7,1a,87,16,0,0,,,
9,7,1b,87,14,0,0,,,
9,7,1c,87,11,0,0,,,
9,7,2a,87,13,0,0,,,
9,7,2b,87,10,0,0,,,
9,7,3,87,11,0,0,,,
9,7,4,87,16,0,0,,,
9,7,5,87,11,0,0,,,
9,7,6,87,48,0,0,,,
9,7,7,61,17,0,0,,,
9,7,8,87,11,0,0,,,
9,7,9,87,11,0,0,,,
9,7,10,87,38,0,0,,,
9,7,11,87,30,0,0,,,
9,7,12,87,16,0,0,,,
9,7,13,87,32,0,0,,,
9,7,14,87,13,0,0,,,
9,7,15,61,30,0,0,,,
9,7,16,87,17,0,0,,,
9,7,17,87,12,0,0,,,
9,7,18,87,14,0,0,,,
9,7,19,87,11,0,0,,,
9,7,20,71,21,0,0,,,
9,7,21,87,12,0,0,,,
9,8,1,22,14,0,0,,,
9,8,2,22,18,0,0,,,
9,8,3,22,14,0,0,,,
9,8,4,22,23,0,0,,,
9,8,5,22,11,0,0,,,
9,8,6a,1,14,0,0,,,
9,8,6b,1,15,0,0,,,
9,8,8,71,19,0,0,,,
9,8,9,111,11,0,0,,,
9,8,10,18,12,0,0,,,
9,8,11,18,12,0,0,,,
9,8,12,18,12,0,0,,,
9,8,13,61,15,0,0,,,
9,8,14,71,10,0,0,,,
9,8,15a,18,12,0,0,,,
9,8,15b,18,18,0,0,,,
9,8,16,55,15,0,0,,,
9,8,17,18,14,0,0,,,
9,8,18,18,19,0,0,,,
9,8,19,85,15,0,0,,,
9,8,20a,18,13,0,0,,,
9,8,2b,18,13,0,0,,,
9,8,21,71,16,0,0,,,
9,8,22,81,18,0,0,,,
9,8,23,61,36,0,0,,,
9,8,24,71,20,0,0,,,
9,8,25,55,22,0,0,,,
9,8,26,18,14,0,0,,,
9,8,27,18,17,0,0,,,
9,8,28,18,17,0,0,,,
9,8,29,18,11,0,0,,,
9,8,30,18,25,0,0,,,
9,8,31,71,22,0,0,,,
9,8,32,31,13,0,0,,,
9,8,33,31,12,0,0,,,
9,8,34,18,30,0,0,,,
9,8,35,71,13,0,0,,,
9,8,36,71,21,0,0,,,
9,8,37,18,20,0,0,,,
9,8,38,71,28,0,0,,,
9,8,39,71,16,0,0,,,
9,8,40,61,12,0,0,,,
9,8,41,18,14,0,0,,,
9,8,42,71,16,0,0,,,
9,8,43,1,15,0,0,,,
9,8,44,52,26,0,0,,,
9,8,45,18,12,0,0,,,
9,8,46,18,12,0,0,,,
9,9,1,71,34,0,0,,,
9,9,2,10,41,0,0,,,
9,9,3,71,24,0,0,,,
9,9,4,71,22,0,0,,,
9,9,5,61,23,0,0,,,
9,9,6a,54,38,0,0,,,
9,9,6b,54,28,0,0,,,
9,9,6c,54,20,0,0,,,
9,9,7,10,34,0,0,,,
9,9,8a,54,20,0,0,,,
9,9,8b,54,20,0,0,,,
9,9,9,31,12,0,0,,,
9,9,10,10,42,0,0,,,
9,9,12,10,36,0,0,,,
9,9,13,61,24,0,0,,,
9,9,14,61,34,0,0,,,
9,9,15,54,18,0,0,,,
9,9,16,54,16,0,0,,,
9,9,17a,39,12,0,0,,,
9,9,17b,39,15,0,0,,,
9,9,18,54,19,0,0,,,
9,9,19,54,12,0,0,,,
9,9,20,71,20,0,0,,,
9,9,21,61,26,0,0,,,
9,9,22,10,11,0,0,,,
9,9,23,71,13,0,0,,,
9,9,24,71,12,0,0,,,
9,9,25,18,12,0,0,,,
9,9,26,18,12,0,0,,,
9,9,27,18,16,0,0,,,
9,9,28,18,17,0,0,,,
9,9,29,71,30,0,0,,,
9,9,30,71,18,0,0,,,
9,9,31,18,25,0,0,,,
9,9,32,10,14,0,0,,,
9,9,33,71,30,0,0,,,
9,9,34,52,22,0,0,,,
9,9,35,18,18,0,0,,,
9,9,36,18,12,0,0,,,
9,9,37,18,16,0,0,,,
9,9,38,18,23,0,0,,,
9,9,39,18,11,0,0,,,
9,9,40,18,13,0,0,,,
9,9,41,111,14,0,0,,,
9,10,1,94,69,0,0,,,
9,10,2,87,25,0,0,,,
9,10,3,106,11,0,0,,,
9,10,4,94,12,0,0,,,
9,10,5,106,26,0,0,,,
9,10,6a,106,18,0,0,,,
9,10,6b,106,17,0,0,,,
9,10,6c,106,32,0,0,,,
9,10,7,106,10,0,0,,,
9,10,8,65,46,0,0,,,
9,10,9,87,53,0,0,,,
9,10,10,87,12,0,0,,,
9,10,11,87,13,0,0,,,
9,10,12,86,14,0,0,,,
9,10,13,65,16,0,0,,,
9,10,14,1,11,0,0,,,
9,10,15,1,12,0,0,,,
9,10,16,65,22,0,0,,,
9,10,17,65,14,0,0,,,
9,10,18,54,18,0,0,,,
9,10,19,65,24,0,0,,,
9,10,20,54,26,0,0,,,
9,10,21,61,22,0,0,,,
9,10,22,61,39,0,0,,,
9,10,23,87,11,0,0,,,
11,1,1,100,25,0,0,,,
11,1,2,61,29,0,0,,,
11,1,3,18,14,0,0,,,
11,1,4,18,20,0,0,,,
11,1,5,18,23,0,0,,,
11,1,6,18,30,0,0,,,
11,1,7,81,14,0,0,,,
11,1,8,18,26,0,0,,,
11,1,9,81,11,0,0,,,
11,1,10,18,16,0,0,,,
11,1,11,111,28,0,0,,,
11,1,12a,111,22,0,0,,,
11,1,12b,111,24,0,0,,,
11,1,13,61,32,0,0,,,
11,1,14,71,26,0,0,,,
11,1,15,71,26,0,0,,,
11,1,16,71,20,0,0,,,
11,1,17,71,17,0,0,,,
11,1,18a,18,32,0,0,,,
11,1,18b,18,22,0,0,,,
11,1,19,100,19,1,0,,,
11,1,20,100,44,1,0,,,
11,1,21,61,30,0,0,,,
11,1,22,111,24,0,0,,,
11,1,23,55,14,0,0,,,
11,1,24,18,20,0,0,,,
11,1,25,18,14,0,0,,,
11,1,26a,18,20,0,0,,,
11,1,26b,18,17,0,0,,,
11,1,26c,18,18,0,0,,,
11,1,27,104,15,0,0,,,
11,1,28,18,14,0,0,,,
11,1,29a,18,13,0,0,,,
11,1,29b,18,12,0,0,,,
11,1,30,55,20,0,0,,,
11,1,31,105,17,0,0,,,
11,1,32,100,15,1,0,,,
11,1,33,100,15,1,0,,,
11,1,34,55,13,0,0,,,
11,1,35,87,22,0,0,,,
11,1,36,87,30,0,0,,,
11,1,37,11,26,0,0,,,
11,1,38,18,16,0,0,,,
11,1,39,61,12,0,0,,,
11,1,40,87,12,0,0,,,
11,1,41,61,28,0,0,,,
11,2,1,87,21,0,0,,,
11,2,2a,87,23,0,0,,,
11,2,2b,87,12,0,0,,,
11,2,4,87,11,0,0,,,
11,2,5,87,106,0,0,,,
11,2,6,104,24,0,0,,,
11,2,7,104,22,0,0,,,
11,2,8,87,11,0,0,,,
11,2,9,87,34,0,0,,,
11,2,10,87,17,0,0,,,
11,2,11,87,10,0,0,,,
11,2,12,104,36,0,0,,,
11,2,13a,104,19,0,0,,,
11,2,13b,104,26,0,0,,,
11,2,14,104,18,0,0,,,
11,3,1,100,17,1,0,,,
11,3,2,100,12,1,0,,,
11,3,3,111,23,0,0,,,
11,3,4,18,28,0,0,,,
11,3,5,18,11,0,0,,,
11,3,6,18,12,0,0,,,
11,3,7,18,12,0,0,,,
11,3,8,18,14,0,0,,,
11,3,9a,111,26,0,0,,,
11,3,9b,111,17,0,0,,,
11,3,10,18,16,0,0,,,
11,3,11,18,14,0,0,,,
11,3,12,18,13,0,0,,,
11,3,13,18,11,0,0,,,
11,3,14a,18,24,0,0,,,
11,3,14b,18,26,0,0,,,
11,3,15,16,30,0,0,,,
11,3,16,18,14,0,0,,,
11,3,17,18,13,0,0,,,
11,3,18,18,30,0,0,,,
11,3,19,18,12,0,0,,,
11,3,20,61,19,0,0,,,
11,3,21,18,19,0,0,,,
11,3,22,18,11,0,0,,,
11,3,23,100,18,1,0,,,
11,3,24,52,19,0,0,,,
11,3,25,100,34,1,0,,,
11,3,26,61,17,0,0,,,
11,3,27,61,30,0,0,,,
11,3,28,18,14,0,0,,,
11,3,29,18,20,0,0,,,
11,3,30,18,24,0,0,,,
11,3,31a,18,21,0,0,,,
11,3,31b,18,28,0,0,,,
11,3,31c,18,21,0,0,,,
11,3,32,18,16,0,0,,,
11,3,33,18,11,0,0,,,
11,7,1,100,10,1,0,,,
11,7,2,85,18,0,0,,,
11,7,3,85,30,0,0,,,
11,7,4,84,40,0,0,,,
11,7,5,111,14,0,0,,,
11,7,6,85,16,0,0,,,
11,7,7,61,12,0,0,,,
11,7,8,85,18,0,0,,,
11,7,9,61,27,0,0,,,
11,7,10,61,11,0,0,,,
11,7,11,85,18,0,0,,,
11,7,12,85,13,0,0,,,
11,7,13,85,13,0,0,,,
11,7,14,85,11,0,0,,,
11,7,15,71,34,0,0,,,
11,7,16,111,18,0,0,,,
11,7,17,71,22,0,0,,,
11,7,18,71,30,0,0,,,
11,7,19,39,48,0,0,,,
11,7,20,61,38,0,0,,,
11,7,21,61,14,0,0,,,
11,7,22,61,15,0,0,,,
11,7,23,111,12,0,0,,,
11,7,24,18,25,0,0,,,
11,7,25,18,24,0,0,,,
11,7,26,61,28,0,0,,,
11,7,27,85,12,0,0,,,
11,7,28,100,38,1,0,,,
11,8,1,71,24,0,0,,,
11,8,2,55,11,0,0,,,
11,8,3a,18,12,0,0,,,
11,8,3b,18,15,0,0,,,
11,8,3c,18,13,0,0,,,
11,8,4,65,45,0,0,,,
11,8,5,10,20,0,0,,,
11,9,1,18,15,0,0,,,
11,9,2,18,28,0,0,,,
11,9,3,71,24,0,0,,,
11,9,4,100,54,0,0,,,
11,9,5,61,34,0,0,,,
11,9,6,61,26,0,0,,,
11,9,7,61,22,0,0,,,
11,9,8,71,53,0,0,,,
11,9,9,61,26,0,0,,,
11,9,10,87,23,0,0,,,
11,9,11,61,46,0,1,,,
11,9,12,85,10,0,0,,,
11,9,3,18,28,0,0,,,
11,9,14,61,30,0,0,,,
11,10,1,85,20,0,0,,,
11,10,2,85,20,0,0,,,
11,10,3,85,21,0,0,,,
11,10,4,100,15,1,0,,,
11,10,5,85,34,0,0,,,
11,10,6,85,20,0,0,,,
11,10,7,85,42,0,0,,,
11,10,8,100,20,1,0,,,
11,10,9,100,20,1,0,,,
11,10,10,100,34,1,0,,,
11,10,11,87,28,0,0,,,
11,10,12,61,32,0,0,,,
11,10,13,61,12,0,0,,,
11,10,14,61,13,0,0,,,
11,10,15,55,11,0,0,,,
11,10,16,52,11,0,0,,,
11,10,17,18,11,0,0,,,
11,10,18,111,28,0,0,,,
11,10,19,61,24,0,0,,,
11,10,20,61,40,0,0,,,
11,10,21,61,32,0,0,,,
11,10,22,71,51,0,0,,,
11,10,23,100,32,1,0,,,
11,10,24,61,34,0,0,,,
11,10,25,71,36,0,0,,,
11,10,26,85,15,0,0,,,
11,10,27,100,30,1,0,,,
11,10,28,100,31,1,0,,,
11,10,29,87,34,0,0,,,
11,10,30,100,30,1,0,,,
11,10,31,100,21,1,0,,,
11,10,32,85,12,0,0,,,
11,10,33,85,17,0,0,,,
11,10,34,18,11,0,0,,,
11,10,35,87,24,0,0,,,
11,10,36,87,20,0,0,,,
11,6,1,55,11,0,0,,,
11,6,2,54,11,0,0,,,
11,6,3,54,14,0,0,,,
11,6,4,54,15,0,0,,,
11,6,5,54,17,0,0,,,
11,6,6,54,17,0,0,,,
11,6,7,54,16,0,0,,,
11,6,8,54,25,0,0,,,
11,6,9,111,21,0,0,,,
11,6,10,111,18,0,0,,,
11,6,11,54,37,0,0,,,
11,6,12,54,21,0,0,,,
11,6,13,71,20,0,0,,,
11,6,14,61,32,0,0,,,
11,6,15,71,40,0,0,,,
11,6,16,71,30,0,0,,,
11,6,17,54,21,0,0,,,
11,6,18,55,11,0,0,,,
11,6,19,87,11,0,0,,,
11,6,20,71,14,0,0,,,
11,4,1,71,14,0,0,,,
11,4,2,55,14,0,0,,,
11,4,3,100,18,1,0,,,
11,4,4,61,38,0,0,,,
11,4,5,85,22,0,0,,,
11,4,6,81,11,0,0,,,
11,4,7,61,14,0,0,,,
11,4,8,61,20,0,0,,,
11,4,9a,61,13,0,0,,,
11,4,9b,61,22,0,0,,,
11,4,10,87,13,0,0,,,
11,4,11,55,11,0,0,,,
11,4,12,18,26,0,0,,,
11,4,12,18,12,0,0,,,
11,4,13,55,10,0,0,,,
11,4,14,55,28,0,0,,,
11,4,15,61,11,0,0,,,
11,4,16,85,20,0,0,,,
11,4,17,85,11,0,0,,,
11,4,18,85,12,0,0,,,
11,4,19,61,26,0,0,,,
11,4,20,87,22,0,0,,,
11,4,21,54,48,0,0,,,
11,4,22,55,36,0,0,,,
11,4,23,55,15,0,0,,,
11,4,24,55,30,0,0,,,
11,4,25,61,30,0,0,,,
11,4,26,87,20,0,0,,,
11,4,7,71,42,0,0,,,
11,4,28,100,13,0,0,,,
11,4,29,100,19,1,0,,,
11,4,30,100,28,1,0,,,
11,4,31,71,22,0,0,,,
11,4,32,55,25,0,0,,,
11,4,33,61,24,0,0,,,
11,4,34,55,32,0,0,,,
11,4,35,55,17,0,0,,,
11,4,36,100,14,0,0,,,
11,4,37,100,40,1,0,,,
11,4,38,100,20,1,0,,,
11,4,39,100,26,1,0,,,
11,4,40,61,36,0,0,,,
11,4,41,61,38,0,0,,,
11,4,42,71,11,0,0,,,
11,4,43,100,11,0,0,,,
11,5,1,61,23,0,0,,,
11,5,2,61,24,0,0,,,
11,5,3,81,40,0,0,,,
11,5,4,18,22,0,0,,,
11,5,5a,61,26,0,0,,,
11,5,5b,61,22,0,0,,,
11,5,38,61,19,0,0,,,
11,5,5c,61,10,0,0,,,
11,5,6,71,31,0,0,,,
11,5,7,90,58,0,0,,,
11,5,8,61,25,0,0,,,
11,5,9,61,12,0,0,,,
11,5,10,87,30,0,0,,,
11,5,11a,55,32,0,0,,,
11,5,11b,55,11,0,0,,,
11,5,11c,55,11,0,0,,,
11,5,12,61,11,0,0,,,
11,5,13,61,12,0,0,,,
11,5,14,61,18,0,0,,,
11,5,15,55,12,0,0,,,
11,5,16,61,42,0,0,,,
11,5,17,61,30,0,0,,,
11,5,18,61,14,0,0,,,
11,5,19,71,16,0,0,,,
11,5,20a,100,12,0,0,,,
11,5,20b,100,14,0,0,,,
11,5,21,61,21,0,0,,,
11,5,22,87,11,0,0,,,
11,5,23,111,13,0,0,,,
11,5,24,55,14,0,0,,,
11,5,25,61,11,0,0,,,
11,5,26,61,15,0,0,,,
11,5,27,61,19,0,0,,,
11,5,28,100,22,1,0,,,
11,5,29,52,14,0,0,,,
11,5,30,61,36,0,0,,,
11,5,31,61,27,0,0,,,
11,5,32,100,12,0,0,,,
11,5,33,55,11,0,0,,,
11,5,34,61,15,0,0,,,
11,5,35,61,16,0,0,,,
11,5,36,61,23,0,0,,,
11,5,37,61,30,0,0,,,
10,1,1,52,31,0,0,,,
10,1,2,18,22,0,0,,,
10,1,3,18,28,0,0,,,
10,1,4a,52,21,0,0,,,
10,1,4b,52,10,0,0,,,
10,1,5,71,11,0,0,,,
10,1,6,22,20,0,0,,,
10,1,7,100,38,0,0,,,
10,1,8a,61,18,0,0,,,
10,1,8b,61,13,0,0,,,
10,1,9,18,11,0,0,,,
10,2,1,111,46,0,0,,,
10,2,2,55,26,0,0,,,
10,2,3,61,17,0,0,,,
10,2,4,61,24,0,1,,,
10,2,5,61,20,0,1,,,
10,2,6,22,77,0,0,,,
10,2,7,71,48,0,0,,,
10,2,8,55,21,0,1,,,
10,2,9,55,16,0,0,,,
10,2,10,55,13,0,0,,,
10,2,11,55,26,0,0,,,
10,2,12,55,12,0,0,,,
10,2,13,55,20,0,0,,,
10,2,14,61,38,0,0,,,
10,2,15,85,20,0,0,,,
10,2,16,55,17,0,0,,,
10,2,17a,61,24,0,0,,,
10,2,17b,61,36,0,0,,,
10,2,18,87,24,0,0,,,
10,2,19,18,14,0,0,,,
10,2,20,55,18,0,0,,,
10,2,21,81,17,0,0,,,
10,2,22,55,30,0,0,,,
10,2,23,55,30,0,0,,,
10,2,24,18,42,0,0,,,
10,2,25,87,10,0,0,,,
10,2,26,61,34,0,0,,,
10,2,27,101,15,0,0,,,
10,2,28,37,25,0,0,,,
10,2,29,49,21,0,0,,,
10,2,30,4,14,0,0,,,
10,2,31,4,11,0,0,,,
10,2,32,4,15,0,0,,,
10,3,1,16,43,0,0,,,
10,3,2,55,33,1,0,,,
10,3,3,55,48,0,0,,,
10,3,4,55,36,0,0,,,
10,3,5,55,26,0,0,,,
10,3,6a,55,40,0,0,,,
10,3,6b,55,48,0,0,,,
10,3,7,87,58,0,0,,,
10,3,8,66,21,0,0,,,
10,3,9,61,50,0,0,,,
10,3,10,55,27,0,0,,,
10,3,11,55,11,0,0,,,
10,3,12,71,49,0,0,,,
10,3,13,71,35,0,0,,,
10,3,14,72,26,0,0,,,
10,3,15,61,18,0,0,,,
10,3,16,18,45,0,0,,,
10,3,17,52,49,0,0,,,
10,4,1,65,44,0,0,,,
10,4,2,66,42,0,0,,,
10,4,3,71,24,0,0,,,
10,4,4,61,23,0,0,,,
10,4,5a,111,12,0,0,,,
10,4,5b,111,12,0,0,,,
10,4,5c,111,11,0,0,,,
10,4,6,108,13,0,0,,,
10,4,7,102,15,0,0,,,
10,4,8,87,11,0,0,,,
10,4,9,85,31,0,0,,,
10,4,10,66,11,0,0,,,
10,4,11,85,12,0,0,,,
10,4,12,61,17,0,0,,,
10,4,13,66,11,0,0,,,
10,4,14,54,19,0,0,,,
10,4,15,61,16,0,0,,,
10,5,1,18,14,0,0,,,
10,5,2,61,18,0,0,,,
10,5,3,18,22,0,0,,,
10,5,4,52,15,0,0,,,
10,5,5,111,56,0,0,,,
10,5,6,100,18,0,0,,,
10,5,7,100,12,0,0,,,
10,5,8,61,14,0,0,,,
10,5,9a,85,15,0,0,,,
10,5,9b,85,12,0,0,,,
10,5,10,61,11,0,0,,,
10,5,11a,90,13,0,0,,,
10,5,11b,90,14,0,0,,,
10,5,12,22,13,0,0,,,
10,5,13,22,32,0,0,,,
10,5,14,100,13,0,0,,,
10,5,15,100,26,0,0,,,
10,5,16,111,50,0,0,,,
10,5,17,22,22,0,0,,,
10,5,18a,100,20,0,0,,,
10,5,18b,100,11,0,0,,,
10,5,19,22,12,0,0,,,
10,5,20,61,15,0,0,,,
10,5,21,52,40,0,0,,,
10,5,22,18,13,0,0,,,
10,5,23,61,14,0,0,,,
10,5,24,61,18,0,0,,,
10,6,1,22,34,0,0,,,
10,6,2,22,33,0,0,,,
10,6,3,18,11,0,0,,,
10,6,4,61,15,0,0,,,
10,6,5,61,11,0,0,,,
10,6,6a,61,14,0,0,,,
10,6,6b,61,13,0,0,,,
10,6,7,22,20,0,0,,,
10,6,8,111,10,0,0,,,
10,6,9,22,16,0,0,,,
10,6,10,18,14,0,0,,,
10,6,11,18,14,0,0,,,
10,6,12,61,13,0,0,,,
10,6,13,18,18,0,0,,,
10,6,14,61,26,0,0,,,
10,6,15,22,42,0,0,,,
10,6,16,22,12,0,0,,,
10,6,17,52,34,0,0,,,
10,6,18a,100,16,1,0,,,
10,6,18b,100,20,1,0,,,
10,6,19,61,26,0,0,,,
10,7,1,61,11,0,0,,,
10,7,2,61,32,0,0,,,
10,7,3,61,34,0,0,,,
10,7,4,52,28,0,0,,,
10,7,5a,61,40,0,0,,,
10,7,5b,61,40,0,0,,,
10,7,6,61,24,0,0,,,
10,7,7,52,61,0,0,,,
10,7,8,61,14,0,0,,,
10,7,9,61,32,0,0,,,
10,7,10a,52,33,0,0,,,
10,7,10b,61,33,0,0,,,
10,7,10c,61,46,0,0,,,
10,7,11,94,20,0,0,,,
10,7,12,18,26,0,0,,,
10,7,13,94,19,0,0,,,
10,7,14,18,26,0,0,,,
10,7,15,1,21,0,0,,,
10,7,16,24,44,0,0,,,
10,7,17,61,18,0,0,,,
10,7,18,66,22,0,0,,,
10,7,19,61,34,0,0,,,
10,7,20a,108,13,0,0,,,
10,7,20b,108,12,0,0,,,
10,7,20c,108,12,0,0,,,
10,7,20d,108,16,0,0,,,
10,7,21,24,48,0,0,,,
10,7,22,18,20,0,0,,,
10,7,23,61,38,0,0,,,
10,7,24,18,20,0,0,,,
10,7,25,61,34,0,0,,,
10,7,26,61,26,0,0,,,
10,7,27,61,32,0,0,,,
10,7,28,52,18,0,0,,,
10,7,29,18,16,0,0,,,
10,7,30,61,22,0,0,,,
10,7,31,61,32,0,0,,,
10,7,32,61,30,0,0,,,
10,8,1,111,22,0,0,,,
10,8,2,55,11,0,0,,,
10,8,3,84,18,0,0,,,
10,8,4,14,76,0,0,,,
10,8,5,22,44,0,0,,,
10,8,6,22,20,0,0,,,
10,8,7,61,35,0,0,,,
10,8,8,22,36,0,0,,,
10,8,9,71,48,0,0,,,
10,8,10,61,12,0,0,,,
10,8,11,84,38,0,0,,,
10,8,12,71,16,0,0,,,
10,8,13,84,32,0,0,,,
10,8,14,66,14,0,0,,,
10,8,15,66,15,0,0,,,
10,8,16,66,20,0,0,,,
10,8,17,61,32,0,0,,,
10,8,18,61,22,0,0,,,
10,8,19,61,26,0,0,,,
10,8,20,61,33,0,0,,,
10,8,21,22,41,0,0,,,
10,8,22,10,26,0,0,,,
10,9,1a,61,22,0,0,,,
10,9,1b,61,14,0,0,,,
10,9,2,18,14,0,0,,,
10,9,3,84,11,0,0,,,
10,9,4,61,12,0,0,,,
10,9,5,61,28,0,0,,,
10,9,6,18,14,0,0,,,
10,9,7,61,11,0,0,,,
10,9,8,18,11,0,0,,,
10,9,9,84,13,0,0,,,
10,9,10a,18,14,0,0,,,
10,9,10b,18,11,0,0,,,
10,9,11,61,16,0,0,,,
10,10,1,22,38,0,0,,,
10,10,2,22,20,0,0,,,
10,10,3,22,12,0,0,,,
10,10,4,22,30,0,0,,,
10,10,5,22,12,0,0,,,
10,10,6,22,32,0,0,,,
10,10,7,90,12,0,0,,,
10,10,8,90,10,0,0,,,
10,10,9a,52,11,0,0,,,
10,10,9b,52,32,0,0,,,
10,10,10,61,36,0,0,,,
10,10,11,18,16,0,0,,,
10,10,12,18,11,0,0,,,
10,10,13,61,11,0,0,,,
10,10,14,90,11,0,0,,,
10,10,15,61,20,0,0,,,
10,10,16,61,13,0,0,,,
10,10,17,4,14,0,0,,,
10,10,18,61,28,0,0,,,
10,10,19,85,15,0,0,,,
10,10,20,22,22,0,0,,,
10,10,21a,61,12,0,1,,,
10,10,21b,61,11,0,0,,,
12,2,1,25,11,0,0,,,
12,2,2,104,17,0,0,,,
12,2,3,61,17,1,0,,,
12,3,1,89,18,0,0,,,
12,3,2,111,11,0,0,,,
12,3,3,65,15,0,0,,,
12,3,4,111,12,0,0,,,
12,3,5,109,10,0,0,,,
12,4,1,87,16,0,0,,,
12,4,2,87,12,0,0,,,
12,4,3,87,16,0,0,,,
12,4,4,87,10,0,0,,,
12,4,5,87,16,0,0,,,
12,4,6,87,14,0,0,,,
12,4,7,87,14,0,0,,,
12,5,1,111,18,0,1,,,
12,6,1a,87,21,0,0,,,
12,6,1b,87,20,0,0,,,
12,6,1c,87,26,0,0,,,
12,6,2a,87,32,0,0,,,
12,6,2b,87,18,0,0,,,
12,6,2c,87,44,0,0,,,
12,6,3,87,32,0,1,,,
12,6,4,87,12,0,0,,,
12,6,5,87,11,0,0,,,
12,6,6,87,26,0,0,,,
12,6,7a,87,36,0,0,,,
12,6,7b,87,33,0,0,,,
12,6,8,87,18,0,0,,,
12,6,9,87,13,0,0,,,
12,6,10,87,24,0,0,,,
12,6,11,81,30,0,0,,,
12,6,12,87,22,0,0,,,
12,6,13,87,17,0,0,,,
12,6,14,87,13,0,0,,,
12,6,15,87,10,0,0,,,
12,6,16,71,12,0,0,,,
12,6,17,71,11,0,0,,,
12,6,18,87,12,0,0,,,
12,7,1,87,40,0,0,,,
12,7,2,71,11,0,0,,,
12,7,3a,87,39,0,0,,,
12,7,3b,87,22,0,0,,,
12,7,4,87,10,0,0,,,
12,7,5a,87,19,0,0,,,
12,7,5b,87,13,0,0,,,
12,7,6,87,28,0,0,,,
12,7,7,87,12,0,0,,,
12,7,8,87,27,0,0,,,
12,7,9,87,22,0,0,,,
12,7,10,87,21,0,0,,,
12,7,11,87,37,0,0,,,
12,7,12,87,18,0,0,,,
12,7,13,87,28,0,0,,,
12,7,14,87,26,0,0,,,
12,7,15,87,36,0,0,,,
12,7,16a,87,17,0,0,,,
12,7,16b,87,36,0,0,,,
12,7,17a,31,36,0,0,,,
12,7,17b,31,46,0,0,,,
12,7,17c,31,13,0,0,,,
12,7,18,87,12,0,0,,,
12,7,19,87,11,0,0,,,
12,7,20,31,14,0,0,,,
12,7,21,87,14,0,0,,,
12,7,22,71,15,0,0,,,
12,7,23,61,12,0,0,,,
12,7,24,111,12,0,0,,,
12,7,25,71,16,0,0,,,
12,7,26,71,13,0,0,,,
12,7,27a,55,12,0,0,,,
12,7,27b,55,14,0,0,,,
12,7,27c,55,11,0,0,,,
12,7,28,87,11,0,0,,,
12,7,29,55,12,0,0,,,
12,7,30,55,14,0,0,,,
12,7,31,87,33,0,0,,,
12,7,32,71,32,0,0,,,
12,7,33,87,16,0,0,,,
12,7,34,71,17,0,0,,,
12,7,35,71,13,0,0,,,
12,7,36,31,12,0,0,,,
12,7,37,52,11,0,0,,,
12,7,38,71,12,0,0,,,
12,7,39,81,12,0,0,,,
12,7,40,81,20,0,0,,,
12,7,41,71,16,0,0,,,
12,7,42,87,22,0,0,,,
12,7,43,81,12,0,0,,,
12,7,44,31,12,0,0,,,
12,7,45,55,17,0,0,,,
12,7,46,71,18,0,0,,,
12,7,47,71,18,0,0,,,
12,7,48,55,11,0,0,,,
12,7,49,71,12,0,0,,,
12,7,50,18,11,0,0,,,
12,8,1a,87,76,0,0,,,
12,8,1b,87,24,0,0,,,
12,8,1c,87,22,0,0,,,
12,8,2a,87,58,0,1,,,
12,8,2b,87,20,0,0,,,
12,8,2c,87,22,0,0,,,
12,8,3,65,11,0,0,,,
12,8,4,65,12,0,1,,,
12,8,5,87,22,0,0,,,
12,9,1,65,32,0,0,,,
12,9,2a,87,46,0,0,,,
12,9,2b,87,38,0,0,,,
12,9,3,87,65,0,0,,,
12,9,4,87,64,0,0,,,
12,9,5,87,60,0,0,,,
12,9,6a,25,12,0,0,,,
12,9,6b,25,14,0,0,,,
12,9,7,65,17,0,0,,,
12,9,8,111,11,0,0,,,
12,9,9,87,47,0,0,,,
12,9,10,87,24,0,0,,,
12,9,11,87,14,0,0,,,
12,9,12,87,20,0,0,,,
12,9,13,87,52,0,0,,,
12,9,14,87,13,0,0,,,
12,9,15,65,48,0,0,,,
12,9,16a,65,36,0,0,,,
12,9,16b,65,20,0,0,,,
12,9,17,87,10,0,0,,,
12,9,18,65,12,0,0,,,
12,9,19,65,11,0,0,,,
12,9,20,55,11,0,0,,,
12,9,21,87,33,0,0,,,
12,10,1,10,11,0,0,,,
12,10,2,10,14,0,0,,,
12,10,3,10,11,0,0,,,
13,1,1,100,10,0,0,,,
13,1,2,61,22,0,0,,,
13,1,3,111,11,0,0,,,
13,1,4,100,14,0,0,,,
13,1,5,39,18,0,0,,,
13,1,6,61,13,0,0,,,
13,1,7,100,24,0,0,,,
13,1,8,111,15,0,0,,,
13,2,1,54,11,0,0,,,
13,2,2,54,12,0,0,,,
13,2,3,86,13,0,0,,,
13,2,4a,54,11,0,0,,,
13,2,4b,54,12,0,0,,,
13,2,4c,54,14,0,0,,,
13,2,5,54,15,0,0,,,
13,2,6,61,14,0,0,,,
13,2,7,104,12,0,0,,,
13,2,8,54,14,0,0,,,
13,2,9,81,13,0,0,,,
13,2,10,81,18,0,0,,,
13,2,11,81,12,0,0,,,
13,2,12,65,16,0,0,,,
13,2,13,102,14,0,0,,,
13,2,14a,102,13,0,0,,,
13,2,14b,102,16,0,0,,,
13,2,15,54,16,0,0,,,
13,2,16,54,14,0,0,,,
13,2,17,108,11,0,0,,,
13,2,18,54,16,0,0,,,
13,2,19,54,14,0,0,,,
13,2,20,65,12,0,0,,,
13,2,21,89,14,0,0,,,
13,2,22,65,17,0,0,,,
13,2,23,89,16,0,0,,,
13,2,24,104,10,0,0,,,
13,2,25,54,12,0,0,,,
13,2,26,102,12,0,0,,,
13,3,1,100,11,0,0,,,
13,3,2,100,13,0,0,,,
13,3,3,100,12,0,0,,,
13,3,4,100,11,0,0,,,
13,3,5,100,14,0,0,,,
13,3,6,100,24,0,0,,,
13,3,7,61,10,0,0,,,
13,3,8,111,14,0,0,,,
13,3,9,55,18,0,0,,,
13,3,10,100,12,0,0,,,
13,3,11,55,12,0,0,,,
13,4,1,61,40,0,0,,,
13,4,2,65,17,0,0,,,
13,4,3,55,21,0,0,,,
13,4,4,61,16,0,1,,,
13,4,5,100,24,0,0,,,
13,4,6a,18,26,0,0,,,
13,4,6b,18,19,0,0,,,
13,4,6c,18,36,0,0,,,
13,4,7,61,28,0,0,,,
13,4,8a,100,17,0,0,,,
13,4,8b,100,24,0,0,,,
13,4,9,61,22,0,1,,,
13,4,10a,111,60,0,0,,,
13,4,10b,111,11,0,0,,,
13,4,11,65,26,0,0,,,
13,4,12,65,50,0,0,,,
13,4,13,65,14,0,0,,,
13,4,14,61,31,0,0,,,
13,4,15,55,24,0,0,,,
13,4,18,52,40,0,0,,,
13,4,17,18,30,0,0,,,
13,4,18,71,24,0,0,,,
13,4,19,22,18,0,0,,,
13,4,20,52,38,0,0,,,
13,4,21,111,30,0,0,,,
13,4,22,100,34,0,0,,,
13,4,23,61,14,0,0,,,
13,4,24,61,30,0,0,,,
13,4,25,61,34,0,0,,,
13,4,26,18,18,0,0,,,
13,4,27,55,32,0,0,,,
13,4,28,55,16,0,0,,,
13,4,29,18,17,0,0,,,
13,4,30,65,12,0,0,,,
13,4,31,18,28,0,0,,,
13,4,32,100,19,0,0,,,
13,4,33,61,24,0,0,,,
13,4,34,52,34,0,0,,,
13,4,35,65,43,0,0,,,
13,4,36,65,18,0,0,,,
13,4,37,103,34,0,0,,,
13,6,1,61,30,0,0,,,
13,6,2,111,48,0,0,,,
13,6,3,71,37,0,0,,,
13,6,4,111,13,0,0,,,
13,6,5,111,13,0,0,,,
13,6,6,61,14,0,0,,,
13,6,7,61,21,0,0,,,
13,6,8,61,38,0,0,,,
13,6,9,111,48,0,0,,,
13,6,10,111,14,0,0,,,
13,6,11,111,20,0,0,,,
13,6,12,71,30,0,0,,,
13,6,13,111,16,0,0,,,
13,6,14,111,12,0,0,,,
13,6,15,111,28,0,0,,,
13,6,16,71,49,0,0,,,
13,6,17,111,38,0,0,,,
13,6,18,111,16,0,0,,,
13,6,19,89,12,0,0,,,
13,6,20,18,10,0,0,,,
13,6,21,10,16,0,0,,,
13,6,22,18,15,0,0,,,
13,6,23,18,24,0,0,,,
13,6,24,61,35,0,0,,,
13,6,25,81,48,0,0,,,
13,6,26,71,42,0,0,,,
13,7,1,65,44,0,0,,,
13,7,2,111,12,0,0,,,
13,7,3,55,28,0,0,,,
13,7,4,55,14,0,0,,,
13,7,5,61,23,0,0,,,
13,7,6,61,30,0,0,,,
13,7,7,65,38,0,0,,,
13,7,8,81,26,0,0,,,
13,7,9,55,38,0,0,,,
13,7,10,71,39,0,0,,,
13,7,11,55,35,0,0,,,
13,7,12,71,39,0,0,,,
13,7,13,55,36,0,0,,,
13,7,14,55,16,0,0,,,
13,7,15,55,14,0,0,,,
13,7,16,71,18,0,0,,,
13,7,17,71,37,0,0,,,
13,7,18,71,20,0,0,,,
13,7,19,65,24,0,0,,,
13,7,20,111,18,0,0,,,
13,7,21,111,18,0,0,,,
13,7,22,65,22,0,0,,,
13,7,23,65,18,0,0,,,
13,7,24,71,20,0,0,,,
13,7,25,111,10,0,0,,,
13,7,26,22,22,0,0,,,
13,7,27,103,17,0,0,,,
13,8,1,100,12,0,0,,,
13,8,2,100,11,0,0,,,
13,8,3,100,13,0,0,,,
13,8,4,100,12,0,0,,,
13,8,5,100,11,0,0,,,
13,8,6,100,14,0,0,,,
13,8,7,61,24,0,0,,,
13,8,8,111,10,0,0,,,
13,8,9,55,18,0,0,,,
13,8,10,61,14,0,0,,,
13,8,11,100,13,0,0,,,
13,9,1,96,48,0,0,,,
13,9,2,89,38,0,0,,,
13,9,3a,111,46,0,0,,,
13,9,3b,111,27,0,0,,,
13,9,4,96,30,0,0,,,
13,9,5,96,42,0,0,,,
13,9,6,96,54,0,0,,,
13,9,7,61,32,0,0,,,
13,9,8,111,46,0,0,,,
13,9,9,111,28,0,0,,,
13,9,10,111,27,0,0,,,
13,9,11,111,24,0,0,,,
13,9,12,71,40,0,0,,,
13,9,13,61,58,0,0,,,
13,9,14,61,32,0,0,,,
13,9,15,89,15,0,0,,,
13,9,16,66,32,0,0,,,
13,9,17,111,13,0,0,,,
13,9,18,111,11,0,0,,,
13,9,19,61,31,0,0,,,
13,9,20,111,18,0,0,,,
13,9,21,111,28,0,0,,,
13,9,22,65,41,0,0,,,
13,9,23,71,33,0,0,,,
13,9,24,71,27,0,0,,,
13,9,25,111,19,0,0,,,
13,9,26,66,13,0,0,,,
13,9,27,89,18,0,0,,,
13,9,28,54,30,0,0,,,
13,10,1,102,48,0,0,,,
13,10,2,104,42,0,0,,,
13,10,3,43,58,0,0,,,
13,10,4,104,48,0,0,,,
13,10,5,88,17,0,0,,,
13,10,6,102,36,0,0,,,
13,10,7,102,38,0,0,,,
13,10,8,102,18,0,0,,,
13,10,9,102,18,0,0,,,
13,10,10,89,11,0,0,,,
13,10,11,65,42,0,0,,,
13,10,12,71,36,0,0,,,
13,10,13,71,20,0,0,,,
13,10,14,102,25,0,0,,,
13,10,15,102,41,0,0,,,
13,10,16,111,12,0,0,,,
13,10,17,104,20,0,0,,,
13,10,18,102,36,0,0,,,
13,10,19,104,26,0,0,,,
13,10,20,97,17,0,0,,,
13,10,21,93,14,0,0,,,
13,10,22,71,10,0,0,,,
13,11,1,65,53,0,0,,,
13,11,2,89,20,0,0,,,
13,11,3,61,22,0,0,,,
13,11,4,61,11,0,0,,,
13,11,5,104,37,0,0,,,
13,11,6,61,25,0,0,,,
13,11,7,104,11,0,0,,,
13,11,8a,111,21,0,0,,,
13,11,8b,111,20,0,0,,,
14,2,1,71,46,0,0,,,
14,2,2,111,20,0,0,,,
14,2,3,54,18,0,0,,,
14,2,4,111,16,0,0,,,
14,2,5,111,12,0,0,,,
14,2,6,111,16,0,0,,,
14,2,7,111,18,0,0,,,
14,2,8,111,12,0,0,,,
14,2,9,111,16,0,0,,,
14,2,10,111,24,0,0,,,
14,2,11,111,22,0,0,,,
14,2,2,111,12,0,0,,,
14,2,13,111,18,0,0,,,
14,2,14,111,32,0,0,,,
14,2,15,111,14,0,0,,,
14,2,16,105,16,0,0,,,
14,2,17,98,11,0,0,,,
14,2,18,66,18,0,0,,,
14,2,19,105,17,0,0,,,
14,2,20,95,14,0,0,,,
14,2,21,103,21,0,0,,,
14,3,1,66,38,0,0,,,
14,3,2,111,18,0,0,,,
14,3,3,66,28,0,0,,,
14,3,4,94,36,0,0,,,
14,3,5,65,30,0,0,,,
14,3,6,111,38,0,0,,,
14,3,7,89,31,0,0,,,
14,3,8,97,11,0,0,,,
14,3,9,66,20,0,0,,,
14,3,10,66,25,0,0,,,
14,3,11,89,26,0,0,,,
14,3,12,91,14,0,0,,,
14,3,13,66,12,0,0,,,
14,3,14,111,28,0,0,,,
14,3,15,105,26,0,0,,,
14,3,16,88,24,0,0,,,
14,4,1,101,12,0,0,,,
14,4,2,111,12,0,0,,,
14,4,3,4,18,0,0,,,
14,4,4,111,12,0,0,,,
14,4,5,111,12,0,0,,,
14,4,6,4,12,0,0,,,
14,4,7,66,15,0,0,,,
14,4,8,93,32,0,0,,,
14,5,1,94,12,0,0,,,
14,5,2,31,11,0,0,,,
14,5,3,31,20,0,0,,,
14,5,4,31,15,0,0,,,
14,5,5,65,20,0,0,,,
14,5,6,89,11,0,0,,,
14,5,7,66,15,0,0,,,
14,5,8,89,28,0,0,,,
14,5,9,89,15,0,0,,,
14,1,1,104,32,0,0,,,
14,1,2,111,28,0,0,,,
14,1,3,111,26,0,0,,,
14,1,4,111,24,0,0,,,
14,1,5,65,18,0,0,,,
14,1,6,104,12,0,0,,,
14,1,7,65,26,0,0,,,
14,1,8,104,42,0,0,,,
14,1,9,111,10,0,0,,,
14,1,10,65,20,0,0,,,
14,1,11,65,31,0,0,,,
14,1,12,104,14,0,0,,,
14,1,13,54,21,0,0,,,
14,7,1,89,18,0,1,,,
14,7,2,89,14,0,1,,,
14,8,1,108,30,0,1,,,
14,8,2,104,13,0,0,,,
14,8,3,94,40,0,0,,,
14,8,4,111,20,0,0,,,
14,8,5,14,20,0,0,,,
14,8,6,14,38,0,0,,,
14,8,7,14,50,0,0,,,
14,8,8,94,38,0,0,,,
14,8,9,109,50,0,0,,,
14,8,10,111,48,0,0,,,
14,8,11,111,25,0,0,,,
14,8,12,104,13,0,0,,,
14,8,13,104,34,0,0,,,
14,8,14,84,36,0,0,,,
14,8,15,109,42,0,0,,,
14,8,16,94,14,0,0,,,
14,8,17,94,20,0,0,,,
14,8,18,89,30,0,0,,,
14,8,19,14,36,0,0,,,
14,8,20,104,25,0,0,,,
14,8,21,109,11,0,0,,,
14,8,22,94,14,0,0,,,
14,9,1,8,62,0,0,,,
14,9,2,111,20,0,1,,,
14,10,1,14,19,0,1,,,
14,10,2,89,14,0,1,,,
14,11,1,89,12,0,0,,,
14,11,2,89,13,0,0,,,
14,11,3,89,14,0,0,,,
14,11,4,89,16,0,0,,,
14,11,5,89,13,0,0,,,
14,11,6,89,14,0,0,,,
14,11,7,89,12,0,0,,,
14,11,8,89,16,0,0,,,
14,11,9,89,14,0,0,,,
14,11,10,85,13,0,0,,,
14,11,11,85,11,0,0,,,
14,11,12,4,10,0,0,,,
14,11,13,4,12,0,0,,,
14,11,14,4,11,0,0,,,
14,11,15,4,13,0,0,,,
14,11,16,104,14,0,0,,,
14,11,17,111,13,0,0,,,
14,11,18,89,16,0,0,,,
14,11,19,89,18,0,0,,,
14,11,20,89,14,0,0,,,
14,11,21,4,11,0,0,,,
14,11,22,4,12,0,0,,,
14,11,23,4,14,0,0,,,
14,11,24,89,13,0,0,,,
14,11,25,89,12,0,0,,,
14,11,26,111,12,0,0,,,
14,11,27,111,11,0,0,,,
14,11,28,111,11,0,0,,,
14,11,29,111,11,0,0,,,
14,11,30,111,12,0,0,,,
14,11,31,4,11,0,0,,,
14,11,32,4,12,0,0,,,
14,11,33,4,11,0,0,,,
15,2,1,65,11,0,0,,,
15,2,2,65,11,0,0,,,
15,2,3,85,17,0,0,,,
15,2,4,85,11,0,0,,,
15,2,5,65,12,0,0,,,
15,2,6,65,12,0,0,,,
15,2,7,65,11,0,0,,,
15,2,8,85,18,0,0,,,
15,2,9,66,10,0,0,,,
15,2,10,65,10,0,0,,,
15,2,11a,65,40,0,0,,,
15,2,11b,65,24,0,0,,,
15,2,11c,65,22,0,0,,,
15,3,1a,71,12,0,0,,,
15,3,1b,71,12,0,0,,,
15,3,2,104,13,0,0,,,
15,3,3,71,13,0,0,,,
15,3,4a,87,26,0,0,,,
15,3,4b,87,27,0,0,,,
15,3,5,104,14,0,0,,,
15,3,6,87,14,0,0,,,
15,3,7,89,19,0,0,,,
15,3,8,8,21,0,0,,,
15,3,9,104,12,0,0,,,
15,3,10,104,13,0,0,,,
15,3,11,65,11,0,0,,,
15,3,12,104,11,0,0,,,
15,3,13,54,13,0,0,,,
15,3,14,104,13,0,0,,,
15,3,15,104,16,0,0,,,
15,3,16,54,11,0,0,,,
15,3,17,104,14,0,0,,,
15,3,18,104,11,0,0,,,
15,3,19,66,16,0,0,,,
15,3,20,104,10,0,0,,,
15,3,21,104,11,0,0,,,
15,3,22,87,62,0,0,,,
15,3,23,87,38,0,0,,,
15,3,24,87,26,0,0,,,
15,3,25,87,12,0,0,,,
15,4,1,85,16,0,0,,,
15,4,2,85,11,0,0,,,
15,5,1,87,72,0,0,,,
15,5,2,87,26,0,0,,,
15,5,3,87,11,0,0,,,
15,5,4,87,20,0,0,,,
15,5,5,87,17,0,0,,,
15,5,6,87,20,0,0,,,
15,5,7,87,21,0,0,,,
15,5,8,87,21,0,0,,,
15,5,9,87,13,0,0,,,
15,5,10,87,12,0,0,,,
15,5,11,87,34,0,0,,,
15,5,12a,65,44,0,0,,,
15,5,12b,65,30,0,0,,,
15,5,13,97,14,0,0,,,
15,5,14a,66,19,0,0,,,
15,5,14b,66,26,0,0,,,
15,5,15,87,11,0,0,,,
15,5,16,87,11,0,0,,,
15,5,17,87,11,0,0,,,
15,5,18,87,12,0,0,,,
15,5,19,87,20,0,0,,,
15,5,20,87,38,1,0,,,
15,5,21,65,45,0,0,,,
15,5,22,87,34,0,0,,,
15,5,23,65,12,0,0,,,
15,5,24,87,56,0,0,,,
15,5,25,87,13,1,0,,,
15,5,26,87,20,0,0,,,
15,5,27,87,46,0,0,,,
15,5,28,87,11,0,0,,,
15,5,29,87,12,0,0,,,
15,5,30,87,17,0,0,,,
15,5,31,87,36,0,0,,,
15,5,32,87,36,0,0,,,
15,5,33,87,11,0,0,,,
15,5,34,87,12,0,0,,,
15,5,35,87,12,0,0,,,
15,5,36,87,51,0,0,,,
15,5,37,87,62,0,0,,,
15,5,38,87,57,0,0,,,
15,5,39,87,23,0,0,,,
15,5,40,87,66,0,0,,,
15,5,41,87,59,0,0,,,
15,5,42,87,72,0,0,,,
15,5,43,87,21,0,0,,,
15,5,44,66,11,0,0,,,
15,5,45,87,30,0,0,,,
15,5,46,87,28,0,0,,,
15,5,47,87,30,0,0,,,
15,5,48,87,70,0,0,,,
15,5,49,87,12,0,0,,,
15,5,50,87,36,0,0,,,
15,5,51,87,25,0,0,,,
15,6,1,71,20,0,0,,,
15,6,2a,87,36,0,0,,,
15,6,2b,87,37,0,0,,,
15,6,3,87,40,0,0,,,
15,6,4,54,11,0,0,,,
15,6,5,54,12,0,0,,,
15,6,6a,54,11,0,0,,,
15,6,6b,54,13,0,0,,,
15,6,6c,54,12,0,0,,,
15,6,7,61,22,0,0,,,
15,6,8a,54,18,0,0,,,
15,6,8b,54,21,0,0,,,
15,6,9,87,23,0,0,,,
15,6,10a,87,12,0,0,,,
15,6,10b,87,12,0,0,,,
15,6,11,104,19,0,0,,,
15,6,12,87,22,0,0,,,
15,6,13,54,31,0,0,,,
15,6,14,71,10,0,0,,,
15,6,15,87,15,0,0,,,
15,6,16,87,16,0,0,,,
15,6,17,54,13,0,0,,,
15,6,18,87,22,0,0,,,
15,6,19,54,11,0,0,,,
15,7,1a,87,36,0,0,,,
15,7,1b,87,40,0,0,,,
15,7,2a,87,20,0,0,,,
15,7,2b,87,34,0,0,,,
15,7,3a,87,15,0,0,,,
15,7,3b,87,24,0,0,,,
15,7,4,87,36,0,0,,,
15,7,5,87,16,0,0,,,
15,7,6,87,30,0,0,,,
15,7,7,87,31,0,0,,,
15,7,8,87,30,0,0,,,
15,7,9a,87,44,0,0,,,
15,7,9b,87,45,0,0,,,
15,7,10,87,19,0,0,,,
15,7,11,87,42,0,0,,,
15,7,12,87,12,0,0,,,
15,7,13,87,26,0,0,,,
15,7,14,87,19,0,0,,,
15,7,15,87,42,0,0,,,
15,7,16,87,12,0,0,,,
15,7,17,87,36,0,0,,,
15,7,18,87,19,0,0,,,
15,7,19,87,24,0,0,,,
15,7,20a,87,14,0,0,,,
15,7,20b,87,34,0,0,,,
15,7,21,87,17,0,0,,,
15,7,22,87,15,0,0,,,
15,7,23,87,32,0,0,,,
15,7,24,87,42,0,0,,,
15,7,25a,87,22,0,0,,,
15,7,25b,87,17,0,0,,,
15,7,26,87,21,0,0,,,
15,7,27,87,21,0,0,,,
15,7,28,87,40,0,0,,,
15,7,29,87,27,0,0,,,
15,7,30,87,21,0,0,,,
15,7,31,87,22,0,0,,,
15,7,32,87,12,0,0,,,
15,7,33,87,13,0,0,,,
15,7,34,87,19,0,0,,,
15,7,35,87,19,0,0,,,
15,7,36,87,14,0,0,,,
15,7,37,87,21,0,0,,,
15,7,38,87,40,0,0,,,
15,7,39,87,28,0,0,,,
15,7,40,87,14,0,0,,,
15,7,41,87,26,0,0,,,
15,7,42,87,39,0,0,,,
15,7,43,87,46,0,0,,,
15,7,44,87,32,0,0,,,
15,7,45,87,40,0,0,,,
15,7,46,65,36,0,0,,,
15,7,47,87,14,0,0,,,
15,7,48,87,10,0,0,,,
15,7,49,87,12,0,0,,,
15,7,50,87,40,0,0,,,
15,7,51,87,19,0,0,,,
15,7,52,87,21,0,0,,,
15,7,53,87,39,0,0,,,
15,7,54,87,46,0,0,,,
15,7,55,87,23,0,0,,,
15,7,56,87,11,0,0,,,
15,7,57,87,17,0,0,,,
15,7,58,87,12,0,0,,,
15,7,59,87,24,0,0,,,
15,8,1,54,12,0,0,,,
15,8,2,54,11,0,0,,,
15,8,3,102,13,0,0,,,
15,8,4,102,28,0,0,,,
15,8,5,102,20,0,0,,,
15,8,6,102,10,0,0,,,
15,8,7a,66,33,0,0,,,
15,8,7b,66,12,0,0,,,
15,8,8,102,14,0,0,,,
15,8,9,66,20,0,0,,,
15,8,10,52,15,0,0,,,
15,8,11,111,27,0,0,,,
15,8,1,111,11,0,0,,,
15,8,13,65,15,0,0,,,
15,8,14,66,35,0,0,,,
15,8,15,65,15,0,0,,,
15,8,16,24,14,0,0,,,
15,8,17,102,12,0,0,,,
15,8,18,111,27,0,0,,,
15,8,19,66,17,0,0,,,
15,8,20,66,13,0,0,,,
15,8,21,65,15,0,0,,,
15,8,22,102,13,0,0,,,
15,8,23,66,21,0,0,,,
15,8,24,66,15,0,0,,,
15,8,25,66,30,0,0,,,
15,8,26a,66,18,0,0,,,
15,8,26b,66,18,0,0,,,
15,8,27,102,15,0,0,,,
15,8,28,102,22,0,0,,,
15,8,29,54,12,0,0,,,
15,8,30,54,12,0,0,,,
15,8,31,102,18,0,0,,,
15,8,32,102,20,0,0,,,
15,8,33,66,19,0,0,,,
15,9,1,65,18,0,0,,,
15,9,2,65,12,0,0,,,
15,9,3,102,13,0,0,,,
15,10,1,65,13,0,0,,,
15,10,2,85,12,0,0,,,
15,10,3,85,11,0,0,,,
15,10,4,87,15,0,0,,,
15,10,5,102,12,0,0,,,
15,11,1a,61,12,0,0,,,
15,11,1b,61,14,0,0,,,
15,11,2,61,17,0,0,,,
15,11,3,87,16,0,0,,,
15,11,4,87,40,0,0,,,
15,11,5,87,22,0,0,,,
15,11,6,87,40,0,0,,,
15,11,7,87,25,0,0,,,
15,11,8,65,11,0,0,,,
15,11,9,111,11,0,0,,,
15,11,10a,65,12,0,0,,,
15,11,10b,65,10,0,0,,,
15,11,11,65,34,0,0,,,
15,11,12,65,15,0,0,,,
15,11,13,65,28,0,0,,,
15,11,14,65,13,0,0,,,
15,11,15,65,23,0,0,,,
15,11,16,65,21,0,0,,,
15,11,17,65,26,0,0,,,
15,11,18,65,19,0,0,,,
15,11,19,111,12,0,0,,,
15,11,20,65,20,0,0,,,
15,11,21,86,13,0,0,,,
15,11,22,111,14,0,0,,,
15,11,23,66,11,0,0,,,
15,11,24,65,12,0,0,,,
15,11,25,71,11,0,0,,,
15,11,26,71,11,0,0,,,
16,1,1,89,21,0,0,,,
16,1,2,89,20,0,0,,,
16,1,3,89,16,0,0,,,
16,1,4,89,36,0,0,,,
16,1,5,1,14,0,1,,,
16,1,6,1,12,0,1,,,
16,1,7,1,15,0,1,,,
16,1,8,1,11,0,1,,,
16,1,9,1,11,0,1,,,
16,1,10,89,12,0,0,,,
16,2,1,66,36,0,0,,,
16,2,2,111,60,0,0,,,
16,2,3,111,70,0,0,,,
16,2,4,111,66,0,0,,,
16,2,5,3,119,0,0,,,
16,2,6,66,56,0,0,,,
16,2,7,111,11,0,0,,,
16,2,8,66,18,0,0,,,
16,2,9,66,26,0,0,,,
16,2,10,33,14,0,0,,,
16,2,11,89,36,0,0,,,
16,2,12,89,40,0,0,,,
16,2,13,89,21,0,0,,,
16,2,14,111,17,0,0,,,
16,4,1,111,26,0,0,,,
16,4,2,111,18,0,0,,,
16,6,1,66,18,0,0,,,
16,6,2,66,15,0,0,,,
16,6,3,110,24,0,0,,,
16,6,4,110,33,0,0,,,
16,6,5,110,42,0,0,,,
16,6,6,110,38,0,0,,,
16,6,7,66,16,0,0,,,
16,6,8,66,25,0,0,,,
16,6,9,66,26,0,0,,,
16,6,10,51,38,0,0,,,
16,6,11,111,10,0,0,,,
16,6,12,111,16,0,0,,,
16,6,13,51,80,0,0,,,
16,6,14,66,19,0,0,,,
16,6,15,66,22,0,0,,,
16,6,16,66,16,0,0,,,
16,6,17,14,15,0,0,,,
16,6,18,111,18,0,0,,,
16,6,19,111,26,0,0,,,
16,6,20,14,13,0,0,,,
16,6,21,66,20,0,0,,,
16,7,1,111,32,0,0,,,
16,7,2,111,58,0,0,,,
16,7,3,111,27,0,0,,,
16,7,4,111,12,0,0,,,
16,7,5,104,19,0,0,,,
16,7,6,104,24,0,0,,,
16,7,7,104,20,0,0,,,
16,7,8,104,26,0,0,,,
16,7,9,110,30,0,0,,,
16,7,10,49,41,0,0,,,
16,7,11,106,28,0,0,,,
16,7,12,106,30,0,0,,,
16,7,13,106,31,0,0,,,
16,7,14,104,40,0,0,,,
16,7,15,110,40,0,0,,,
16,7,16,110,48,0,0,,,
16,7,17,110,28,0,0,,,
16,7,18,110,89,0,0,,,
16,7,19,103,90,0,0,,,
16,7,20,103,40,0,1,,,
16,7,21,103,28,0,0,,,
16,7,22,103,26,0,0,,,
16,7,23,111,36,0,0,,,
16,7,24,51,11,0,1,,,
16,7,25,51,42,0,0,,,
16,7,26,111,13,0,0,,,
16,7,27,111,13,0,0,,,
16,7,28,106,17,0,0,,,
16,7,29,111,16,0,0,,,
16,7,30,111,36,0,0,,,
16,7,31,86,24,0,0,,,
16,7,32,86,14,0,1,,,
16,9,1,89,16,0,0,,,
16,9,2,89,11,0,0,,,
16,9,3,71,13,0,0,,,
16,9,4,71,12,0,0,,,
16,9,5,89,18,0,0,,,
16,9,6,89,12,0,0,,,
16,9,7,89,11,0,0,,,
16,9,8,89,11,0,0,,,
16,9,9,89,17,0,0,,,
16,9,10,49,14,0,0,,,
16,9,11,66,16,0,0,,,
16,9,12,66,13,0,0,,,
16,9,13,66,13,0,0,,,
16,9,14,89,17,0,0,,,
16,9,15,111,16,0,0,,,
16,9,16,1,15,0,0,,,
16,9,17,66,12,0,0,,,
16,9,18,66,11,0,0,,,
16,9,19,66,12,0,0,,,
16,9,20,89,11,0,0,,,
16,9,21,66,12,0,0,,,
16,9,22,111,14,0,0,,,
16,9,23,89,16,0,0,,,
16,9,24,89,20,0,0,,,
16,9,25,89,22,0,0,,,
16,9,26,89,12,0,0,,,
16,9,27,66,17,0,0,,,
16,9,28,66,12,0,0,,,
16,9,29,54,12,0,0,,,
16,9,30,54,11,0,0,,,
16,9,31,54,12,0,0,,,
16,9,32,106,10,0,0,,,
16,9,33,89,11,0,0,,,
16,9,34,89,11,0,0,,,
16,9,35,89,11,0,0,,,
16,9,36,89,18,0,0,,,
16,9,37,14,16,0,0,,,
16,9,38,89,11,0,0,,,
16,9,39,89,10,0,0,,,
16,9,40,66,12,0,0,,,
16,9,41,106,16,0,0,,,
16,9,42,66,12,0,0,,,
16,10,1,111,11,0,0,,,
16,10,2,111,13,0,0,,,
16,10,3,111,17,0,0,,,
16,10,4,111,18,0,0,,,
16,10,5,111,11,0,0,,,
16,10,6,111,19,0,0,,,
16,10,7,89,16,0,0,,,
16,10,8,111,10,0,0,,,
16,10,9,89,14,0,0,,,
16,10,10,66,16,0,0,,,
16,10,11,66,28,0,0,,,
16,10,12,111,28,0,0,,,
16,10,13,111,11,0,0,,,
16,10,14,89,18,0,0,,,
16,10,15,89,17,0,0,,,
16,10,16,111,13,0,0,,,
16,10,17,111,12,0,0,,,
16,10,18,111,15,0,0,,,
